<metadata xml:lang="en"><Esri><CreaDate>20091209</CreaDate><CreaTime>11231700</CreaTime><SyncOnce>FALSE</SyncOnce><DataProperties><lineage><Process Name="Create Feature Class" ToolSource="C:\Program Files\ArcGIS\ArcToolbox\Toolboxes\Data Management Tools.tbx\CreateFeatureclass" Date="20050215" Time="124328" export="">CreateFeatureclass C:\MyFiles\NeighborhoodNames\nabes.mdb\rr npoints2 # nh_points_Layer SAME_AS_TEMPLATE SAME_AS_TEMPLATE "GEOGCS['Lat Long for MAPINFO type 0 Datum',DATUM['D_MAPINFO',SPHEROID['World Geodetic System of 1984',6378137.0,298.257222932867]],PRIMEM['Greenwich',0.0],UNIT['degree',0.0174532925199433]];-78.179954 36.511103 255999999.761581;0.000000 1.000000;0.000000 1.000000" # 0 0 0 C:\MyFiles\NeighborhoodNames\nabes.mdb\rr\npoints2</Process><Process Name="Append" ToolSource="C:\Program Files\ArcGIS\ArcToolbox\Toolboxes\Data Management Tools.tbx\Append" Date="20050215" Time="124328" export="">Append nh_points_Layer C:\MyFiles\NeighborhoodNames\nabes.mdb\rr\npoints2 TEST C:\MyFiles\NeighborhoodNames\nabes.mdb\rr\npoints2</Process><Process Name="FeatureClassToFeatureClass_2" ToolSource="C:\Program Files\ArcGIS\ArcToolbox\Toolboxes\Conversion Tools.tbx\FeatureClassToFeatureClass" Date="20050215" Time="124328" export="">FeatureClassToFeatureClass C:\MyFiles\NeighborhoodNames\nabes.mdb\nh_points C:\MyFiles\NeighborhoodNames\nabes.mdb\rr npoints2 # "TEXT_ANGLE TEXT_ANGLE VISIBLE;TEXT_SIZE TEXT_SIZE VISIBLE;TEXTSTRING TEXTSTRING VISIBLE;ID ID VISIBLE;X X VISIBLE;Y Y VISIBLE" SAME_AS_TEMPLATE SAME_AS_TEMPLATE # 0 C:\MyFiles\NeighborhoodNames\nabes.mdb\rr\npoints2</Process><Process ToolSource="C:\Program Files\ArcGIS\ArcToolbox\Toolboxes\Data Management Tools.tbx\CopyFeatures" Date="20070817" Time="165031" Name="" export="">CopyFeatures M:\ESRI\Datafiles\MISC\MISC.mdb\nynh M:\GIS_COPY\GIS\Datafiles\Misc\Misc.gdb\g\nynh # 0 0 0</Process><Process Name="FeatureClassToFeatureClass_1" ToolSource="C:\Program Files\ArcGIS\ArcToolbox\Toolboxes\Conversion Tools.tbx\FeatureClassToFeatureClass" Date="20081020" Time="112332" export="">FeatureClassToFeatureClass D:\myfiles\NHoodNames\GIS\Neighborhoods.shp "D:\myfiles\NHoodNames\GIS\New File Geodatabase.gdb" NH # "OBJECTID OBJECTID true false false 9 Long 0 9 ,First,#,D:\myfiles\NHoodNames\GIS\Neighborhoods.shp,OBJECTID,-1,-1;Name Name true false false 100 Text 0 0 ,First,#,D:\myfiles\NHoodNames\GIS\Neighborhoods.shp,Name,-1,-1;Stacked Stacked true false false 4 Short 0 4 ,First,#,D:\myfiles\NHoodNames\GIS\Neighborhoods.shp,Stacked,-1,-1;AnnoLine1 AnnoLine1 true false false 50 Text 0 0 ,First,#,D:\myfiles\NHoodNames\GIS\Neighborhoods.shp,AnnoLine1,-1,-1;AnnoLine2 AnnoLine2 true false false 50 Text 0 0 ,First,#,D:\myfiles\NHoodNames\GIS\Neighborhoods.shp,AnnoLine2,-1,-1;AnnoLine3 AnnoLine3 true false false 50 Text 0 0 ,First,#,D:\myfiles\NHoodNames\GIS\Neighborhoods.shp,AnnoLine3,-1,-1;AnnoAngle AnnoAngle true false false 19 Double 0 0 ,First,#,D:\myfiles\NHoodNames\GIS\Neighborhoods.shp,AnnoAngle,-1,-1;NameLines NameLines true false false 32 Text 0 0 ,First,#,D:\myfiles\NHoodNames\GIS\Neighborhoods.shp,NameLines,-1,-1" # "D:\myfiles\NHoodNames\GIS\New File Geodatabase.gdb\NH"</Process><Process Name="FeatureClassToFeatureClass_1" ToolSource="C:\Program Files\ArcGIS\ArcToolbox\Toolboxes\Conversion Tools.tbx\FeatureClassToFeatureClass" Date="20090617" Time="091657" export="">FeatureClassToFeatureClass D:\myfiles\Neighborhoods\NHoodNames.gdb\NHoodNameCentroids "D:\myfiles\Neighborhoods Poster\NHoodPoster.gdb" NHoodNameCentroids # "Name Name true true false 100 Text 0 0 ,First,#,D:\myfiles\Neighborhoods\NHoodNames.gdb\NHoodNameCentroids,Name,-1,-1;Stacked Stacked true true false 2 Short 0 0 ,First,#,D:\myfiles\Neighborhoods\NHoodNames.gdb\NHoodNameCentroids,Stacked,-1,-1;AnnoLine1 AnnoLine1 true true false 50 Text 0 0 ,First,#,D:\myfiles\Neighborhoods\NHoodNames.gdb\NHoodNameCentroids,AnnoLine1,-1,-1;AnnoLine2 AnnoLine2 true true false 50 Text 0 0 ,First,#,D:\myfiles\Neighborhoods\NHoodNames.gdb\NHoodNameCentroids,AnnoLine2,-1,-1;AnnoLine3 AnnoLine3 true true false 50 Text 0 0 ,First,#,D:\myfiles\Neighborhoods\NHoodNames.gdb\NHoodNameCentroids,AnnoLine3,-1,-1;AnnoAngle AnnoAngle true true false 8 Double 0 0 ,First,#,D:\myfiles\Neighborhoods\NHoodNames.gdb\NHoodNameCentroids,AnnoAngle,-1,-1;Borough Borough true true false 50 Text 0 0 ,First,#,D:\myfiles\Neighborhoods\NHoodNames.gdb\NHoodNameCentroids,Borough,-1,-1" # "D:\myfiles\Neighborhoods Poster\NHoodPoster.gdb\NHoodNameCentroids"</Process><Process ToolSource="c:\program files (x86)\arcgis\desktop10.1\ArcToolbox\Toolboxes\Data Management Tools.tbx\CalculateField" Date="20140225" Time="165641" Name="" export="">CalculateField NHoodNameCentroids AnnoAngle 0 VB #</Process><Process ToolSource="c:\program files (x86)\arcgis\desktop10.1\ArcToolbox\Toolboxes\Data Management Tools.tbx\CalculateField" Date="20140320" Time="112621" Name="" export="">CalculateField NHoodNameCentroids Borough Manhattan VB #</Process><Process ToolSource="c:\program files (x86)\arcgis\desktop10.1\ArcToolbox\Toolboxes\Conversion Tools.tbx\FeatureClassToFeatureClass" Date="20140724" Time="143405" Name="" export="">FeatureClassToFeatureClass G:\GIS\Pop_Div_NYC\Neighborhoods\NHoodNames.gdb\NHoodNameCentroids G:\GIS\Pop_Div_NYC\Neighborhoods\NGHNames2014.gdb NHoodNameCentroids # "Name "Name" true true false 100 Text 0 0 ,First,#,G:\GIS\Pop_Div_NYC\Neighborhoods\NHoodNames.gdb\NHoodNameCentroids,Name,-1,-1;Stacked "Stacked" true true false 2 Short 0 0 ,First,#,G:\GIS\Pop_Div_NYC\Neighborhoods\NHoodNames.gdb\NHoodNameCentroids,Stacked,-1,-1;AnnoLine1 "AnnoLine1" true true false 50 Text 0 0 ,First,#,G:\GIS\Pop_Div_NYC\Neighborhoods\NHoodNames.gdb\NHoodNameCentroids,AnnoLine1,-1,-1;AnnoLine2 "AnnoLine2" true true false 50 Text 0 0 ,First,#,G:\GIS\Pop_Div_NYC\Neighborhoods\NHoodNames.gdb\NHoodNameCentroids,AnnoLine2,-1,-1;AnnoLine3 "AnnoLine3" true true false 50 Text 0 0 ,First,#,G:\GIS\Pop_Div_NYC\Neighborhoods\NHoodNames.gdb\NHoodNameCentroids,AnnoLine3,-1,-1;AnnoAngle "AnnoAngle" true true false 8 Double 0 0 ,First,#,G:\GIS\Pop_Div_NYC\Neighborhoods\NHoodNames.gdb\NHoodNameCentroids,AnnoAngle,-1,-1;Borough "Borough" true true false 50 Text 0 0 ,First,#,G:\GIS\Pop_Div_NYC\Neighborhoods\NHoodNames.gdb\NHoodNameCentroids,Borough,-1,-1" #</Process><Process ToolSource="c:\program files (x86)\arcgis\desktop10.1\ArcToolbox\Toolboxes\Conversion Tools.tbx\FeatureClassToFeatureClass" Date="20140819" Time="172018">FeatureClassToFeatureClass "G:\GIS\Pop_Div_NYC\Neighborhoods\BYTES NGH Names Aug14\NGHNames2014.gdb\NGHNameCentroids" "G:\GIS\Pop_Div_NYC\Neighborhoods\BYTES NGH Names Aug14" NGHNameCentroids.shp # "Name "Name" true true false 100 Text 0 0 ,First,#,G:\GIS\Pop_Div_NYC\Neighborhoods\BYTES NGH Names Aug14\NGHNames2014.gdb\NGHNameCentroids,Name,-1,-1;Stacked "Stacked" true true false 2 Short 0 0 ,First,#,G:\GIS\Pop_Div_NYC\Neighborhoods\BYTES NGH Names Aug14\NGHNames2014.gdb\NGHNameCentroids,Stacked,-1,-1;AnnoLine1 "AnnoLine1" true true false 50 Text 0 0 ,First,#,G:\GIS\Pop_Div_NYC\Neighborhoods\BYTES NGH Names Aug14\NGHNames2014.gdb\NGHNameCentroids,AnnoLine1,-1,-1;AnnoLine2 "AnnoLine2" true true false 50 Text 0 0 ,First,#,G:\GIS\Pop_Div_NYC\Neighborhoods\BYTES NGH Names Aug14\NGHNames2014.gdb\NGHNameCentroids,AnnoLine2,-1,-1;AnnoLine3 "AnnoLine3" true true false 50 Text 0 0 ,First,#,G:\GIS\Pop_Div_NYC\Neighborhoods\BYTES NGH Names Aug14\NGHNames2014.gdb\NGHNameCentroids,AnnoLine3,-1,-1;AnnoAngle "AnnoAngle" true true false 8 Double 0 0 ,First,#,G:\GIS\Pop_Div_NYC\Neighborhoods\BYTES NGH Names Aug14\NGHNames2014.gdb\NGHNameCentroids,AnnoAngle,-1,-1;Borough "Borough" true true false 50 Text 0 0 ,First,#,G:\GIS\Pop_Div_NYC\Neighborhoods\BYTES NGH Names Aug14\NGHNames2014.gdb\NGHNameCentroids,Borough,-1,-1" #</Process></lineage><itemProps><itemName Sync="TRUE">NGHNameCentroids</itemName><imsContentType Sync="TRUE" export="False">002</imsContentType><itemLocation><linkage Sync="TRUE">file://\\MDRIVEOES\VOL1\EXCHANGE\Population\For WebTeam\City of Neighborhood Point Files\BYTES NGH Names Aug14\NGHNameCentroids.shp</linkage><protocol Sync="TRUE">Local Area Network</protocol></itemLocation><nativeExtBox><westBL Sync="TRUE">915681.507532</westBL><eastBL Sync="TRUE">1064930.872747</eastBL><southBL Sync="TRUE">123479.892198</southBL><northBL Sync="TRUE">270299.257679</northBL><exTypeCode Sync="TRUE">1</exTypeCode></nativeExtBox><itemSize Sync="TRUE">0.008</itemSize></itemProps><coordRef><type Sync="TRUE">Projected</type><geogcsn Sync="TRUE">GCS_North_American_1983</geogcsn><csUnits Sync="TRUE">Linear Unit: Foot_US (0.304801)</csUnits><projcsn Sync="TRUE">NAD_1983_StatePlane_New_York_Long_Island_FIPS_3104_Feet</projcsn><peXml Sync="TRUE">&lt;ProjectedCoordinateSystem xsi:type='typens:ProjectedCoordinateSystem' xmlns:xsi='http://www.w3.org/2001/XMLSchema-instance' xmlns:xs='http://www.w3.org/2001/XMLSchema' xmlns:typens='http://www.esri.com/schemas/ArcGIS/10.1'&gt;&lt;WKT&gt;PROJCS[&amp;quot;NAD_1983_StatePlane_New_York_Long_Island_FIPS_3104_Feet&amp;quot;,GEOGCS[&amp;quot;GCS_North_American_1983&amp;quot;,DATUM[&amp;quot;D_North_American_1983&amp;quot;,SPHEROID[&amp;quot;GRS_1980&amp;quot;,6378137.0,298.257222101]],PRIMEM[&amp;quot;Greenwich&amp;quot;,0.0],UNIT[&amp;quot;Degree&amp;quot;,0.0174532925199433]],PROJECTION[&amp;quot;Lambert_Conformal_Conic&amp;quot;],PARAMETER[&amp;quot;False_Easting&amp;quot;,984250.0],PARAMETER[&amp;quot;False_Northing&amp;quot;,0.0],PARAMETER[&amp;quot;Central_Meridian&amp;quot;,-74.0],PARAMETER[&amp;quot;Standard_Parallel_1&amp;quot;,40.66666666666666],PARAMETER[&amp;quot;Standard_Parallel_2&amp;quot;,41.03333333333333],PARAMETER[&amp;quot;Latitude_Of_Origin&amp;quot;,40.16666666666666],UNIT[&amp;quot;Foot_US&amp;quot;,0.3048006096012192],AUTHORITY[&amp;quot;EPSG&amp;quot;,2263]]&lt;/WKT&gt;&lt;XOrigin&gt;-120039300&lt;/XOrigin&gt;&lt;YOrigin&gt;-96540300&lt;/YOrigin&gt;&lt;XYScale&gt;37212589.015695661&lt;/XYScale&gt;&lt;ZOrigin&gt;-100000&lt;/ZOrigin&gt;&lt;ZScale&gt;10000&lt;/ZScale&gt;&lt;MOrigin&gt;-100000&lt;/MOrigin&gt;&lt;MScale&gt;10000&lt;/MScale&gt;&lt;XYTolerance&gt;0.0032808333333333331&lt;/XYTolerance&gt;&lt;ZTolerance&gt;0.001&lt;/ZTolerance&gt;&lt;MTolerance&gt;0.001&lt;/MTolerance&gt;&lt;HighPrecision&gt;true&lt;/HighPrecision&gt;&lt;WKID&gt;102718&lt;/WKID&gt;&lt;LatestWKID&gt;2263&lt;/LatestWKID&gt;&lt;/ProjectedCoordinateSystem&gt;</peXml></coordRef></DataProperties><SyncDate>20140819</SyncDate><SyncTime>18132300</SyncTime><ModDate>20140819</ModDate><ModTime>18132300</ModTime><MetaID>{0052FE7B-3E88-4776-98BA-9C49497A2936}</MetaID><scaleRange><minScale>150000000</minScale><maxScale>5000</maxScale></scaleRange><ArcGISFormat>1.0</ArcGISFormat><ArcGISProfile>ISO19139</ArcGISProfile></Esri><idinfo><citation><citeinfo><onlink Sync="TRUE">\\READE1\VOL1\DIVISION\POP\GIS\Pop_Div_NYC\Neighborhoods\NHoodNames.gdb</onlink><origin>New York City Department of City Planning</origin><pubdate>December, 2009</pubdate><title Sync="TRUE">New York City Neighborhood Name Centroids</title><ftname Sync="TRUE">NHoodNameCentroids</ftname><geoform Sync="TRUE">vector digital data</geoform><serinfo><sername>BYTES of the BIG APPLE</sername></serinfo><pubinfo><publish>City of New York Department of City Planning</publish></pubinfo><othercit>The "New York: A City of Neighborhoods" files have undergone minor revisions since the 2006 release. The revisions include modification of neighborhood centroids positions, additions of neighborhood labels, or the removal of the neighborhood labels. Documentation of changes and additions to the 2009 version of "New York: A City of Neighborhoods" is located under Data Quality/Process Step Information sections of metadata.</othercit></citeinfo></citation><native Sync="TRUE">Microsoft Windows XP Version 5.1 (Build 2600) Service Pack 3; ESRI ArcCatalog 9.3.1.3000</native><descript><langdata Sync="TRUE">en</langdata><abstract>The New York City Neighborhood Names point file was created as a guide to New York City’s neighborhoods that appear in the “New York: A City of Neighborhoods” map poster and webpage. Best estimates of label centroids were established at a 1:1,000 scale, but are ideally viewed at a 1:50,000 scale.</abstract><purpose>These points were created by the Department of City Planning as a guide to the locations of neighborhood labels found on the Department of City Planning's "New York: A City of Neighborhoods" poster and webpage.</purpose></descript><timeperd><current>publication date</current><timeinfo><sngdate><caldate>12-2009</caldate></sngdate></timeinfo></timeperd><status><progress>Complete</progress><update>As needed</update></status><spdom><bounding><westbc Sync="TRUE">-74.248064</westbc><eastbc Sync="TRUE">-73.708116</eastbc><northbc Sync="TRUE">40.908582</northbc><southbc Sync="TRUE">40.505232</southbc></bounding><lboundng><leftbc Sync="TRUE">915681.507532</leftbc><rightbc Sync="TRUE">1064930.872747</rightbc><bottombc Sync="TRUE">123479.892198</bottombc><topbc Sync="TRUE">270299.257679</topbc></lboundng></spdom><keywords><theme><themekey>Neighborhood</themekey><themekey>Label</themekey><themekey>Centroid</themekey><themekt>NONE</themekt></theme><place><placekey>New York </placekey><placekey>New York City</placekey><placekt>NONE</placekt></place></keywords><natvform Sync="TRUE">File Geodatabase Feature Class</natvform><ptcontac><cntinfo><cntaddr><address>22 Reade St, 5N</address><addrtype>mailing and physical address</addrtype><city>New York</city><state>NY</state><postal>10007</postal><country>USA</country></cntaddr><cntorgp><cntorg>New York City Department of City Planning</cntorg></cntorgp><cntpos>BYTES of the BIG APPLE Coordinator</cntpos><cntvoice>212.720.3505</cntvoice></cntinfo></ptcontac><crossref><citeinfo><title>Population Division, New York City Department of City Planning</title></citeinfo></crossref><accconst>The data are freely available to all New York City agencies and the public.</accconst><useconst>While all possible measures have been taken to ensure the accuracy of this data, the NYC Department of City Planning and the City of New York assume no responsibility for the accuracy of this data.  All users should independently verify the accuracy of the data for their purposes.</useconst></idinfo><distInfo><distributor><distorTran><onLineSrc><linkage Sync="TRUE">file://\\READE1\VOL1\DIVISION\POP\GIS\Pop_Div_NYC\Neighborhoods\NHoodNames.gdb</linkage><protocol Sync="TRUE">Local Area Network</protocol><orDesc Sync="TRUE">002</orDesc></onLineSrc><transSize Sync="TRUE">0.008</transSize></distorTran><distorFormat><formatName Sync="TRUE">File Geodatabase Feature Class</formatName></distorFormat></distributor><distFormat><formatName Sync="TRUE">Shapefile</formatName></distFormat><distTranOps><transSize Sync="TRUE">0.008</transSize></distTranOps></distInfo><dataqual><lineage><procstep><procdesc>The "New York: A City of Neighborhoods" files have undergone minor revisions since the 2006 release. The revisions include modification of neighborhood centroids positions, additions of neighborhood labels, or the removal of the neighborhood labels. Documentation of changes and additions to the 2009 version of "New York: A City of Neighborhoods" is listed below.</procdesc><srcused Sync="TRUE">\\DCP-DELL-871\MyFiles\NeighborhoodNames\nabes.mdb</srcused><date Sync="TRUE">20050215</date><time Sync="TRUE">12442000</time></procstep><procstep><procdesc>For increased positional accuracy, label centroids for the following neighborhoods were modified: 
Bronx: Baychester, Parkchester, Pelham Gardens, and Westchester Park; 
Manhattan: Battery Park City and Manhattanville;
Brooklyn: Broadway Junction, Downtown, Fort Greene, Fulton Ferry, Highland Park, Homecrest, Navy Yard, and Vinegar Hill;
Queens: Malba and Middle Village;
Staten Island: Duncan Hills, Lighthouse Hill, Old Town, Prince's Bay, Richmond Valley, Lighthouse Hill, South Beach, and Todt Hill.</procdesc><srcused Sync="TRUE">\\MDRIVE\VOL1\EXCHANGE\ITD\GIS\hoods\nabes.mdb</srcused><date Sync="TRUE">20061205</date><time Sync="TRUE">18541100</time></procstep><procstep><procdesc>The following neighborhoods were added: 
Brooklyn: Dumbo and Madison;
Queens: Roxbury;
Staten Island: Egbertville, Manor Heights, Sandy Grounds, and Willowbrook.
</procdesc><srcused Sync="TRUE">\\MDRIVE\VOL1\DATA\ESRI\Datafiles\MISC\nynh.mdb</srcused><date Sync="TRUE">20070402</date><time Sync="TRUE">12305900</time></procstep><procstep><procdesc>The Queens neighborhood Jamaica Hill was changed to the preferred name Jamaica Hills. </procdesc><srcused Sync="TRUE">\\MDRIVE\VOL1\DATA\GIS\Datafiles\Misc\Misc.gdb</srcused><date Sync="TRUE">20081020</date><time Sync="TRUE">11164000</time></procstep><procstep><procdesc>Plumb Beach Gateway National Recreation Area in Brooklyn was removed from the neighborhood layer.</procdesc></procstep></lineage><attracc><attraccr>While all possible measures have been taken to ensure the accuracy of this data, the NYC Department of City Planning and the City of New York assume no responsibility for the accuracy of this data.  All users should independently verify the accuracy of the data for their purposes.</attraccr></attracc><posacc><horizpa><horizpar>Best estimates of label centroids were established at a 1:1,000 scale, but are ideally viewed at a 1:50,000 scale.</horizpar></horizpa></posacc></dataqual><dataIdInfo><envirDesc Sync="TRUE">Microsoft Windows 7 Version 6.1 (Build 7601) Service Pack 1; Esri ArcGIS 10.1.1.3143</envirDesc><dataLang><languageCode Sync="TRUE" value="eng"/><countryCode value="USA" Sync="TRUE"/></dataLang><idCitation xmlns=""><resTitle Sync="FALSE">New York City Neighborhood Name Centroids</resTitle><presForm xmlns=""><PresFormCd Sync="TRUE" value="005"/></presForm><citRespParty xmlns=""><rpOrgName>New York City Department of City Planning</rpOrgName><role><RoleCd value="006"/></role><displayName>Population Division</displayName><displayName>Population Division</displayName><rpIndName>Population Division</rpIndName><rpCntInfo xmlns=""><cntAddress addressType=""><delPoint>22 Reade St, 4W</delPoint><city>New York</city><adminArea>NY</adminArea><postCode>10007</postCode><country>US</country></cntAddress></rpCntInfo></citRespParty><citRespParty xmlns=""><rpOrgName>New York City Department of City Planning</rpOrgName><role><RoleCd value="010"/></role></citRespParty></idCitation><dataExt xmlns=""><geoEle><GeoBndBox esriExtentType="native"><westBL Sync="TRUE">915681.507532</westBL><eastBL Sync="TRUE">1064930.872747</eastBL><northBL Sync="TRUE">270299.257679</northBL><southBL Sync="TRUE">123479.892198</southBL><exTypeCode Sync="TRUE">1</exTypeCode></GeoBndBox></geoEle></dataExt><geoBox esriExtentType="decdegrees"><westBL Sync="TRUE">-74.248064</westBL><eastBL Sync="TRUE">-73.708116</eastBL><northBL Sync="TRUE">40.908582</northBL><southBL Sync="TRUE">40.505232</southBL><exTypeCode Sync="TRUE">1</exTypeCode></geoBox><spatRpType><SpatRepTypCd Sync="TRUE" value="001"/></spatRpType><dataExt xmlns=""><geoEle xmlns=""><GeoBndBox esriExtentType="search"><exTypeCode Sync="TRUE">1</exTypeCode><westBL Sync="TRUE">-74.248064</westBL><eastBL Sync="TRUE">-73.708116</eastBL><northBL Sync="TRUE">40.908582</northBL><southBL Sync="TRUE">40.505232</southBL></GeoBndBox></geoEle></dataExt><idPurp>These points were created by the Department of City Planning as a guide to the locations of neighborhood labels found on the Department of City Planning's "New York: A City of Neighborhoods" poster and webpage.</idPurp><idAbs>&lt;DIV STYLE="text-align:Left;"&gt;&lt;DIV&gt;&lt;DIV&gt;&lt;P&gt;&lt;SPAN&gt;The New York City Neighborhood Names point file was created as a guide to New York City’s neighborhoods that appear in the “New York: A City of Neighborhoods” map poster and webpage. Best estimates of label centroids were established at a 1:1,000 scale, but are ideally viewed at a 1:50,000 scale.&lt;/SPAN&gt;&lt;/P&gt;&lt;/DIV&gt;&lt;/DIV&gt;&lt;/DIV&gt;</idAbs><searchKeys><keyword>Neighborhood</keyword><keyword>Label</keyword><keyword>Centroid</keyword></searchKeys><resConst><Consts xmlns=""><useLimit>&lt;DIV STYLE="text-align:Left;"&gt;&lt;DIV&gt;&lt;DIV&gt;&lt;P&gt;&lt;SPAN&gt;While all possible measures have been taken to ensure the accuracy of this data, the New York City Department of City Planning and the City of New York assume no responsibility for the accuracy of this data. All users should independently verify the accuracy of the data for their purposes.&lt;/SPAN&gt;&lt;/P&gt;&lt;/DIV&gt;&lt;/DIV&gt;&lt;/DIV&gt;</useLimit></Consts></resConst><dataChar><CharSetCd value="004"/></dataChar><idPoC xmlns=""><rpOrgName>New York City Department of City Planning</rpOrgName><role><RoleCd value="007"/></role><rpPosName>BYTES of the BIG APPLE Coordinator</rpPosName><rpCntInfo xmlns=""><cntAddress addressType=""><delPoint>22 Reade St, 5E</delPoint><city>New York</city><adminArea>NY</adminArea><postCode>10007</postCode><country>US</country></cntAddress><cntPhone><voiceNum tddtty="">212.720.3505</voiceNum></cntPhone></rpCntInfo></idPoC><idStatus><ProgCd value="001"/></idStatus><idCredit>Population Division, New York City Department of City Planning</idCredit><resMaint xmlns=""><maintCont xmlns=""><rpOrgName>New York City Department of City Planning</rpOrgName><role><RoleCd value="006"/></role><displayName>Population Division</displayName><displayName>Population Division</displayName><rpIndName>Population Division</rpIndName><rpCntInfo xmlns=""><cntAddress addressType=""><delPoint>22 Reade St, 4W</delPoint><city>New York</city><adminArea>NY</adminArea><postCode>10007</postCode><country>US</country></cntAddress></rpCntInfo><displayName>Population Division</displayName></maintCont></resMaint></dataIdInfo><metainfo><langmeta Sync="TRUE">en</langmeta><metstdn Sync="TRUE">FGDC Content Standards for Digital Geospatial Metadata</metstdn><metstdv Sync="TRUE">FGDC-STD-001-1998</metstdv><mettc Sync="TRUE">local time</mettc><metc><cntinfo><cntorgp><cntper>REQUIRED: The person responsible for the metadata information.</cntper><cntorg>REQUIRED: The organization responsible for the metadata information.</cntorg></cntorgp><cntaddr><addrtype>REQUIRED: The mailing and/or physical address for the organization or individual.</addrtype><city>REQUIRED: The city of the address.</city><state>REQUIRED: The state or province of the address.</state><postal>REQUIRED: The ZIP or other postal code of the address.</postal></cntaddr><cntvoice>REQUIRED: The telephone number by which individuals can speak to the organization or individual.</cntvoice></cntinfo></metc><metd Sync="TRUE">20091209</metd></metainfo><mdLang><languageCode Sync="TRUE" value="eng"/><countryCode value="USA" Sync="TRUE"/></mdLang><mdStanName Sync="TRUE">ISO 19115 Geographic Information - Metadata</mdStanName><mdStanVer Sync="TRUE">DIS_ESRI1.0</mdStanVer><mdChar><CharSetCd Sync="TRUE" value="004"/></mdChar><distinfo><resdesc Sync="TRUE">Downloadable Data</resdesc><stdorder><digform><digtinfo><transize Sync="TRUE">0.008</transize><dssize Sync="TRUE">0.008</dssize></digtinfo></digform></stdorder></distinfo><spdoinfo><direct Sync="TRUE">Vector</direct><ptvctinf><esriterm Name="NGHNameCentroids"><efeatyp Sync="TRUE">Simple</efeatyp><efeageom code="1" Sync="TRUE"></efeageom><esritopo Sync="TRUE">FALSE</esritopo><efeacnt Sync="TRUE">306</efeacnt><spindex Sync="TRUE">FALSE</spindex><linrefer Sync="TRUE">FALSE</linrefer></esriterm></ptvctinf></spdoinfo><spref><horizsys><cordsysn><geogcsn Sync="TRUE">GCS_North_American_1983</geogcsn><projcsn Sync="TRUE">NAD_1983_StatePlane_New_York_Long_Island_FIPS_3104_Feet</projcsn></cordsysn><planar><planci><plance Sync="TRUE">coordinate pair</plance><plandu Sync="TRUE">survey feet</plandu><coordrep><absres Sync="TRUE">0.000328</absres><ordres Sync="TRUE">0.000328</ordres></coordrep></planci></planar><geodetic><horizdn Sync="TRUE">North American Datum of 1983</horizdn><ellips Sync="TRUE">Geodetic Reference System 80</ellips><semiaxis Sync="TRUE">6378137.000000</semiaxis><denflat Sync="TRUE">298.257222</denflat></geodetic></horizsys><vertdef><altsys><altenc Sync="TRUE">Explicit elevation coordinate included with horizontal coordinates</altenc><altres Sync="TRUE">0.000100</altres></altsys></vertdef></spref><refSysInfo><RefSystem dimension=""><refSysID xmlns=""><identCode Sync="TRUE" code="2263">NAD_1983_StatePlane_New_York_Long_Island_FIPS_3104_Feet</identCode><idCodeSpace Sync="TRUE">EPSG</idCodeSpace><idVersion Sync="TRUE">7.11.2</idVersion></refSysID></RefSystem></refSysInfo><spatRepInfo><VectSpatRep><geometObjs Name="NGHNameCentroids"><geoObjTyp><GeoObjTypCd value="004" Sync="TRUE"></GeoObjTypCd></geoObjTyp><geoObjCnt Sync="TRUE">306</geoObjCnt></geometObjs><topLvl><TopoLevCd value="001" Sync="TRUE"></TopoLevCd></topLvl></VectSpatRep></spatRepInfo><eainfo><detailed Name="NGHNameCentroids" xmlns=""><enttyp><enttypl Sync="TRUE">NGHNameCentroids</enttypl><enttypt Sync="TRUE">Feature Class</enttypt><enttypc Sync="TRUE">306</enttypc></enttyp><attr><attrlabl Sync="TRUE">FID</attrlabl><attalias Sync="TRUE">FID</attalias><attrtype Sync="TRUE">OID</attrtype><attwidth Sync="TRUE">4</attwidth><atprecis Sync="TRUE">0</atprecis><attscale Sync="TRUE">0</attscale><attrdef Sync="TRUE">Internal feature number.</attrdef><attrdefs Sync="TRUE">Esri</attrdefs><attrdomv><udom Sync="TRUE">Sequential unique whole numbers that are automatically generated.</udom></attrdomv></attr><attr><attrlabl Sync="TRUE">Shape</attrlabl><attalias Sync="TRUE">Shape</attalias><attrtype Sync="TRUE">Geometry</attrtype><attwidth Sync="TRUE">0</attwidth><attrdef Sync="TRUE">Feature geometry.</attrdef><attrdefs Sync="TRUE">ESRI</attrdefs><attrdomv><udom Sync="TRUE">Coordinates defining the features.</udom></attrdomv><atprecis Sync="TRUE">0</atprecis><attscale Sync="TRUE">0</attscale></attr><attr><attrlabl Sync="TRUE">Name</attrlabl><attalias Sync="TRUE">Name</attalias><attrtype Sync="TRUE">String</attrtype><attwidth Sync="TRUE">100</attwidth><atprecis Sync="TRUE">0</atprecis><attscale Sync="TRUE">0</attscale></attr><attr><attrlabl Sync="TRUE">Stacked</attrlabl><attalias Sync="TRUE">Stacked</attalias><attrtype Sync="TRUE">SmallInteger</attrtype><attwidth Sync="TRUE">4</attwidth><atprecis Sync="TRUE">4</atprecis><attscale Sync="TRUE">0</attscale></attr><attr><attrlabl Sync="TRUE">AnnoLine1</attrlabl><attalias Sync="TRUE">AnnoLine1</attalias><attrtype Sync="TRUE">String</attrtype><attwidth Sync="TRUE">50</attwidth><atprecis Sync="TRUE">0</atprecis><attscale Sync="TRUE">0</attscale></attr><attr><attrlabl Sync="TRUE">AnnoLine2</attrlabl><attalias Sync="TRUE">AnnoLine2</attalias><attrtype Sync="TRUE">String</attrtype><attwidth Sync="TRUE">50</attwidth><atprecis Sync="TRUE">0</atprecis><attscale Sync="TRUE">0</attscale></attr><attr><attrlabl Sync="TRUE">AnnoLine3</attrlabl><attalias Sync="TRUE">AnnoLine3</attalias><attrtype Sync="TRUE">String</attrtype><attwidth Sync="TRUE">50</attwidth><atprecis Sync="TRUE">0</atprecis><attscale Sync="TRUE">0</attscale></attr><attr><attrlabl Sync="TRUE">AnnoAngle</attrlabl><attalias Sync="TRUE">AnnoAngle</attalias><attrtype Sync="TRUE">Double</attrtype><attwidth Sync="TRUE">19</attwidth><atprecis Sync="TRUE">0</atprecis><attscale Sync="TRUE">0</attscale></attr><attr><attrlabl Sync="TRUE">Borough</attrlabl><attalias Sync="TRUE">Borough</attalias><attrtype Sync="TRUE">String</attrtype><attwidth Sync="TRUE">50</attwidth><atprecis Sync="TRUE">0</atprecis><attscale Sync="TRUE">0</attscale></attr></detailed><overview xmlns=""><dsoverv>These points were created as a guide to the locations of neighborhood labels found on the Department of City Planning's "New York: A City of Neighborhoods"  poster and webpage. Best estimates of label centroids were established at a 1:1,000 scale, but are ideally viewed at a 1:50,000 scale.</dsoverv><eaover>The "New York: A City of Neighborhoods" files have undergone minor revisions since the 2006 release. The revisions include modification of neighborhood centroids positions, additions of neighborhood labels, or the removal of the neighborhood labels. Documentation of changes and additions to the 2009 version of "New York: A City of Neighborhoods" is located under Data Quality/Process Step Information sections of metadata.</eaover></overview></eainfo><mdDateSt Sync="TRUE">20140819</mdDateSt><dqInfo xmlns=""><dqScope><scpLvl><ScopeCd value="002"/></scpLvl></dqScope><dataLineage><statement>The “New York: A City of Neighborhoods” Neighborhood Names point file has undergone minor revisions since the 2010 release. These revisions include the addition of new neighborhood name labels, modification of existing neighborhood names centroids positions, deletion of neighborhood name labels, or updates to neighborhood names. A description of the changes is detailed below:

Additions: Nine new neighborhood names appear on the 2014 edition of the City of Neighborhoods Poster. These names include Allerton, Bronxdale, and Kingsbridge Heights in the Bronx; Erasmus in Brooklyn; Hudson Yards in Manhattan; Bayswater, Hammels, and Queensbridge in Queens; and Fox Hills in Staten Island. 

Modified Positions: For increased positional accuracy, label centroids for the following neighborhood name labels were modified to coincide with the approximate center of the feature: Carroll Gardens and Cypress Hills in Brooklyn; Flushing in Queens; and Greenridge and Woodrow in Staten Island. 

Deletions: Navy Yard in Brooklyn is now a place name and not a neighborhood name.

Name Updates: Four neighborhood names have been updated. South Corona in Queens is identified by Corona. The neighborhood located between Rockaway Park and Arverne in Queens CD 14 is identified as Rockaway Beach. Downtown Flushing, also in Queens, was changed to Flushing. High Bridge in the Bronx is now identified as Highbridge.</statement></dataLineage></dqInfo><mdMaint xmlns=""><maintFreq><MaintFreqCd value="009"/></maintFreq></mdMaint><contInfo><FetCatDesc xmlns=""><compCode>False</compCode><incWithDS>False</incWithDS></FetCatDesc></contInfo><mdHrLv><ScopeCd value="005"/></mdHrLv><mdHrLvName Sync="TRUE">dataset</mdHrLvName><mdContact xmlns=""><rpOrgName>New York City Department of City Planning</rpOrgName><role><RoleCd value="006"/></role><displayName>Population Division</displayName><displayName>Population Division</displayName><rpIndName>Population Division</rpIndName><rpCntInfo><cntAddress addressType=""><delPoint>22 Reade St, 4W</delPoint><city>New York</city><adminArea>NY</adminArea><postCode>10007</postCode><country>US</country></cntAddress></rpCntInfo><displayName>Population Division</displayName></mdContact></metadata>
