18225742,card,1
14883072,come,1
728332,attend,1
24140617,clinic,1
23279162,fitness,3
24044336,time,16
23816662,story,1
18864182,membership,1
1038240,club,2
4791792,page,2
24104116,monthly,1
18225742,board,4
674917,real,3
24140617,discovery,1
15280752,room,1
1015384,guest,2
14883072,bring,1
21814002,stay,1
674917,websites,3
24207859,meeting,1
21814002,begin,18
19036712,every,22
978650,law,3
24325358,speaker,1
24276968,else,2
24243990,ch,2
728332,support,1
24025988,friends,1
15280752,want,2
24207859,share,1
23856167,home,1
23997318,questions,3
24078122,like,1
23558137,work,7
22265532,cranberry,1
24243990,please,3
23997318,interested,3
13352982,oracle,1
1114957,part,5
24097200,well,1
23816662,event,1
23941462,energy,1
24140617,mix,1
23875882,love,9
3789242,great,11
23993188,feel,3
978650,people,3
22265532,support,1
24140617,ticket,1
21806032,family,1
23816662,gives,1
4791792,access,1
12495712,change,1
24140617,new,1
23993188,small,1
21814002,wonderful,7
24138037,place,1
24098385,welcome,1
925227,open,8
12495712,information,1
24104204,center,1
24104204,history,1
23816662,server,1
855999,steel,1
1477047,practice,1
15280752,squirrel,1
24311385,day,3
21814002,around,18
1015384,programs,2
13352982,downtown,1
24140617,basic,1
23816662,later,1
22265532,best,1
24140617,free,1
17778672,starting,9
24243990,coffee,2
23816662,food,1
728332,groups,1
1038240,book,2
1015384,money,2
23941462,oils,1
24245808,free,1
24140617,boy,1
23941462,crystal,1
7370702,pa,1
18864182,groups,1
24158661,admission,1
14639642,prepare,1
21814002,long,18
24140617,girl,1
674917,pour,15
838852,meditation,1
1114957,wed,5
24140617,build,1
24138037,learn,1
24215563,common,1
23816662,come,1
21814002,change,1
24325358,first,1
24131401,town,2
24253615,debate,1
14883072,chat,1
21814002,note,7
1114957,free,5
24140617,cant,1
24325358,building,1
23856167,movie,1
1038240,cards,2
23997318,groups,3
1344683,games,35
1015384,discussion,2
24138037,looking,1
24158661,mix,1
855999,new,1
21814002,game,7
24207859,learning,1
14639642,work,1
23856167,theater,1
21814002,play,7
21814002,please,8
24044336,heaven,15
24158661,love,1
21806032,today,1
1043807,real,22
24004147,foods,1
1477047,help,1
23856167,world,1
24140617,skills,1
838852,anxiety,4
15280752,library,1
23955740,essential,1
24098385,players,1
23875882,meditation,9
838852,circle,1
23941462,oil,1
23816662,check,3
1043807,meeting,22
14639642,use,1
24302790,event,1
18225742,weekend,1
24207859,welcome,1
838852,healing,1
1344683,many,15
24158661,ticket,1
13352982,tarot,1
24140617,help,1
4791792,government,2
1051762,people,1
23816662,plan,1
1477047,ill,1
23816662,please,1
24098385,like,1
24104204,school,1
15280752,girl,1
1344683,sitting,15
24051060,bring,1
3789242,ill,11
23955740,oils,1
24311385,please,3
24243990,beginning,2
1344683,welcome,35
24302790,member,1
1344683,could,15
24044336,meeting,15
24311385,remember,3
24104204,director,1
14883072,new,1
24215563,government,1
674917,pa,1
24140617,oil,1
24097200,use,1
21814002,table,18
1114957,great,5
1344683,day,35
7370702,time,1
23816662,tea,1
19036712,club,22
24243990,always,1
1344683,gaming,15
1051762,level,1
24004147,dress,1
18225742,played,2
24158661,new,1
23816662,fresh,1
17160552,chick,1
1015384,share,2
838852,want,4
23856167,family,1
24158661,success,1
24004147,holiday,1
674917,across,1
1038240,world,2
1060183,code,5
1038240,hour,1
24207859,room,1
13352982,cant,1
1114957,masked,5
24078122,last,1
1051762,library,1
674917,use,1
24158661,video,1
24138037,black,1
23816662,tournament,1
23856167,behind,1
17778672,open,9
22265532,jam,1
14883072,things,1
1038240,trail,1
23993188,workshop,1
838852,spirit,1
15280752,powerful,1
24245808,please,1
838852,space,1
23993188,capital,1
12495712,county,1
23816662,brunch,1
24051060,come,1
17160552,womens,1
14639642,see,1
24044336,every,15
23816662,premier,1
18225742,free,1
24325358,second,1
23816662,see,1
24104116,people,1
24140617,singles,1
24138037,first,1
4791792,common,2
23993188,great,3
24004147,food,1
24276968,ch,2
15280752,year,2
24302790,please,1
1015384,back,2
18225742,taking,1
18225742,try,2
24104116,next,1
14639642,journeying,1
23941462,healing,1
978650,county,3
18043902,night,14
1015384,work,2
18225742,games,3
24140617,also,1
24140617,tickets,1
24271886,help,1
24004147,middle,1
24104116,bar,1
1114957,banjo,5
838852,life,1
14883072,see,1
674828,keep,9
24131401,discount,2
24215563,jury,1
1114957,hall,5
23856167,details,1
23997318,support,3
674917,quality,1
24044336,event,15
24276968,intermediate,2
23279162,event,3
24140617,crystal,1
22265532,street,1
24158661,event,1
14883072,fun,1
21806032,financial,1
24097200,coffee,1
23875882,living,9
1051762,use,1
24215563,page,1
24092941,event,1
24104204,studies,1
24158661,fair,1
1038240,ride,1
17160552,within,1
23816662,potluck,1
4791792,local,1
24158661,food,1
18225742,main,1
18864182,ways,1
1038240,event,2
23279162,pa,3
24078122,play,1
24215563,rights,1
23993188,understanding,1
23816662,cream,1
23997318,attend,3
24092941,goes,1
24245808,winner,1
24078122,game,1
18864182,amp,1
23993188,like,1
21814002,food,7
24092941,like,1
24104204,university,1
1051762,group,1
23816662,together,3
12495712,visit,1
24097200,write,1
18225742,play,2
838852,others,1
24245808,card,1
24140617,health,1
19036712,meets,22
1344683,really,15
18043902,board,14
4791792,law,2
21861202,food,2
23558137,conversation,7
4791792,debate,1
23816662,guests,1
24092941,go,1
24140617,interested,1
23816662,hi,1
674917,prepare,1
15280752,people,3
23856167,discuss,1
728332,ideas,1
23816662,lunch,1
674828,speakers,9
24276968,conversation,2
17778672,speakers,9
23941462,master,1
728332,membership,1
23279162,meeting,3
24276968,beginning,2
674828,conversation,9
1344683,remember,35
1038240,back,3
855999,hard,1
24158661,within,1
24104204,college,1
4791792,people,2
24104116,meeting,1
1051762,squirrel,1
1015384,walking,2
24104116,main,1
1114957,public,5
674828,starting,9
23955740,energy,1
728332,amp,1
24140617,project,1
21814002,card,7
24140617,healing,1
23856167,short,1
674917,group,15
24243990,pour,2
1038240,like,2
23816662,buffet,1
21814002,member,1
23558137,something,7
1114957,elks,5
23993188,coffee,3
23955740,crystal,1
21814002,played,18
24098385,bring,1
24140617,oils,1
24325358,design,1
21814002,tennis,1
1477047,conversation,1
12495712,masked,1
24104204,nationality,1
24004147,desserts,1
1344683,please,35
1043807,club,22
23993188,opportunity,3
24092941,start,1
24140617,story,1
1038240,bike,1
24245808,bring,1
21814002,later,1
23997318,nonprofit,3
23997318,ways,3
1114957,frank,5
24243990,weekly,1
24271886,series,1
1344683,friend,15
24302790,attend,1
23941462,essential,1
674917,help,3
978650,grand,3
24311385,players,3
3789242,big,11
24004147,festival,1
23955740,oil,1
21814002,end,7
21814002,set,7
24243990,conversation,2
15280752,journey,2
978650,rights,3
24044336,watch,1
1015384,health,2
1015384,anxiety,2
13352982,information,1
18225742,game,3
24140617,prizes,1
4791792,power,2
21861202,note,2
24271886,like,1
925227,group,8
674917,please,15
13352982,hosts,1
23816662,well,4
23279162,time,3
3789242,come,11
24302790,subject,1
24044336,month,15
14883072,beginners,1
4791792,also,1
23279162,month,3
24098385,games,1
674917,ch,15
1038240,good,2
1038240,author,2
23993188,help,1
23816662,new,3
24158661,prizes,1
838852,learn,1
15280752,level,1
21814002,evening,7
24158661,fiction,1
23856167,book,1
18043902,games,14
15280752,boy,1
24140617,money,1
728332,questions,1
1015384,create,2
21814002,always,1
18043902,try,14
978650,page,3
838852,group,5
24140617,food,1
24140617,master,1
728332,interested,1
4791792,rights,2
24078122,games,1
674828,learn,9
24140617,idea,1
24131401,haunted,2
24158661,historic,1
23816662,entry,1
838852,hope,4
24253615,meeting,1
24092941,dinner,1
24140617,novel,1
1344683,bring,35
4791792,state,1
1038240,apples,2
978650,jury,3
24140617,powerful,1
24140617,gift,1
15280752,story,1
24158661,people,1
838852,help,1
1114957,world,5
23816662,month,1
1477047,bring,1
23816662,may,1
24104204,lecture,1
23279162,every,3
23816662,space,1
978650,government,3
21861202,set,2
24245808,round,1
24140617,part,1
24140617,family,1
24098385,please,1
674917,bill,1
24044336,specials,1
21861202,card,2
24025988,ones,1
1051762,book,1
23816662,good,1
24138037,find,1
24140617,learn,3
24131401,happy,2
21814002,tables,18
24215563,power,1
19036712,play,22
674828,open,9
838852,love,1
24271886,capital,1
18225742,cards,1
1015384,organizations,2
24158661,gift,1
14883072,know,1
23856167,young,1
1477047,something,1
21861202,play,2
24271886,workshop,1
1038240,games,2
23875882,life,9
18225742,event,1
23941462,metaphysical,1
838852,holding,4
3789242,band,11
12495712,email,1
1114957,information,5
24276968,pour,2
3789242,cover,11
24140617,create,1
24245808,board,1
1038240,bicycle,1
1060183,well,5
24311385,play,3
838852,living,1
24271886,details,1
21806032,magazine,1
18043902,play,14
1060183,town,5
24044336,different,1
24078122,try,1
23816662,questions,1
24140617,register,1
23993188,open,3
1344683,like,35
15280752,see,2
24158661,chick,1
838852,every,1
24044336,come,1
24025988,bring,1
24271886,understanding,1
24092941,bowling,1
1038240,evening,1
17160552,journey,1
17160552,success,1
838852,interested,1
23816662,share,1
925227,want,8
23955740,master,1
24104116,side,1
23816662,group,3
3789242,group,11
17778672,time,9
24276968,group,2
24051060,meditation,1
24138037,new,1
23816662,time,4
674917,conversation,15
1038240,read,2
18864182,questions,1
18043902,new,14
1015384,learn,2
1114957,open,5
24131401,hour,2
925227,anxiety,8
23816662,lots,3
15280752,work,2
838852,work,4
19036712,minutes,22
24158661,womens,1
1038240,discussion,2
674917,present,3
17160552,life,1
24243990,encouraged,1
24097200,socialize,1
18225742,events,1
24243990,beginners,1
23558137,help,7
674917,want,1
24104116,events,1
24097200,please,1
4791792,important,1
24104116,black,1
24140617,amp,1
1043807,investment,22
23875882,receive,9
24207859,learn,1
19036712,session,22
1060183,haunted,5
674917,month,15
24243990,group,2
1114957,reservations,5
24245808,taking,1
24025988,new,1
24051060,happiness,1
24245808,others,1
3789242,back,11
728332,nonprofit,1
23816662,stars,1
14639642,year,1
838852,discussion,4
7370702,fitness,1
24140617,much,1
24302790,year,1
925227,back,8
23875882,healing,9
1477047,please,1
21814002,come,1
24325358,time,1
24158661,often,1
23993188,love,3
674917,journeying,1
22265532,bands,1
24078122,played,1
23997318,ideas,3
17160552,often,1
674917,see,1
674917,else,15
24140617,heart,1
24302790,non,1
21806032,media,1
24158661,also,1
18225742,bring,1
728332,ways,1
24025988,year,1
14883072,conversation,1
17160552,psychic,1
24140617,admission,1
12495712,pa,1
21861202,wonderful,2
18043902,like,14
24044336,party,1
1114957,preservation,5
23856167,author,1
674917,images,1
1114957,club,5
24276968,coffee,2
24140617,projects,1
23955740,healing,1
1114957,national,5
24131401,strip,2
1038240,short,2
838852,please,1
24025988,might,1
24051060,please,1
18043902,last,14
24311385,bring,3
21814002,players,18
23955740,physical,1
13352982,film,1
3789242,dance,11
24051060,event,1
24311385,games,3
15280752,meeting,1
4791792,county,2
23558137,start,7
15280752,hill,1
24253615,watch,1
838852,receive,1
24140617,space,1
7370702,language,1
21806032,human,1
24215563,grand,1
24158661,life,1
12495712,fun,1
1038240,remember,2
15280752,group,1
23856167,man,1
24140617,event,1
1015384,holding,2
24078122,board,1
23816662,networking,1
24325358,work,1
21806032,market,1
1038240,miles,1
23816662,even,1
15280752,novel,1
23816662,night,1
24253615,access,1
24044336,pa,15
21861202,end,2
23816662,fun,3
23816662,number,1
23993188,others,3
23875882,spirit,9
674828,opportunities,9
24098385,sign,1
21814002,possible,1
19036712,scrabble,22
14639642,journey,1
24078122,new,1
24243990,experienced,1
24131401,house,2
24131401,district,2
24253615,help,1
21861202,evening,2
24158661,come,1
1043807,estate,22
15280752,use,3
23993188,new,1
23993188,series,1
24215563,county,1
24158661,tickets,1
23993188,details,1
15280752,part,1
17160552,love,1
17778672,learn,9
1114957,every,5
1344683,play,35
21806032,planning,1
1038240,great,2
674917,little,1
1051762,hill,1
674917,et,1
24243990,dancers,1
23941462,physical,1
13352982,branch,1
1344683,always,15
7370702,every,1
1015384,hope,2
17778672,conversation,9
23816662,registration,1
24140617,code,1
18225742,like,2
17778672,opportunities,9
855999,everyone,1
925227,whats,8
12495712,beaver,1
24245808,cards,1
24098385,remember,1
24078122,night,1
24092941,stories,1
674828,next,9
21814002,time,18
18864182,interested,1
23993188,business,1
24097200,something,1
674917,beginning,15
24097200,make,1
24243990,participate,1
18225742,others,1
24104204,professor,1
7370702,event,1
18225742,convention,1
24207859,topics,1
23816662,able,1
24051060,welcome,1
24207859,discussion,1
23558137,see,7
1060183,strip,5
1038240,books,2
7370702,meeting,1
24098385,play,1
838852,whats,4
24253615,discuss,1
23993188,event,3
23993188,time,3
17778672,keep,9
4791792,grand,2
23875882,others,9
24140617,walking,1
23997318,membership,3
23816662,let,1
23856167,starts,1
24051060,open,1
23993188,please,3
21814002,want,1
838852,setting,1
24140617,pa,1
1043807,chapter,22
1051762,meeting,1
15280752,prepare,2
17778672,next,9
1015384,cant,2
1114957,night,5
674917,la,1
14639642,across,1
24158661,psychic,1
23558137,ill,7
24325358,well,1
24138037,open,1
925227,discussion,8
674917,year,1
24253615,local,1
1477047,start,1
24215563,law,1
18225742,registration,1
23816662,cash,1
925227,hope,8
21861202,please,2
24044336,language,15
15280752,across,2
24140617,organizations,1
24311385,sign,3
674917,information,3
23816662,feel,3
23955740,metaphysical,1
4791792,jury,2
14639642,want,1
1015384,group,2
24092941,lanes,1
855999,cover,1
674917,etc,3
18864182,nonprofit,1
23816662,network,1
18225742,winner,1
24302790,masked,1
24325358,development,1
1038240,parking,1
24138037,come,1
1043807,discussions,22
674917,journey,1
1038240,mile,1
18225742,round,1
1060183,happy,5
1060183,hour,5
674917,records,3
24097200,want,1
24311385,welcome,3
7370702,free,1
21861202,game,2
15280752,journeying,2
24098385,day,1
23856167,food,1
18225742,last,2
24025988,angular,1
855999,cactus,1
24004147,best,1
1015384,whats,2
24104116,well,1
23558137,please,7
1344683,sign,50
838852,seminar,1
7370702,month,1
23816662,business,1
925227,holding,8
24243990,dances,1
22265532,pa,1
7370702,heaven,1
24131401,code,2
24271886,small,1
23875882,energy,9
23955740,also,1
23816662,know,1
23816662,chef,1
24158661,singles,1
23875882,help,9
24243990,month,2
855999,food,1
12495712,start,1
978650,power,3
24044336,free,15
1038240,fiction,2
23279162,free,3
674917,coffee,15
24140617,energy,1
24311385,like,3
23941462,also,1
24243990,else,2
21814002,beginner,18
23558137,practice,7
24131401,well,2
24207859,meetings,1
838852,open,4
22265532,walnut,1
14639642,people,1
23279162,heaven,3
4791792,watch,1
23816662,movement,1
18864182,support,1
24276968,please,2
24025988,coffee,1
23816662,open,1
15280752,young,1
24253615,also,1
978650,common,3
1038240,eat,2
23816662,bring,3
1043807,model,22
19036712,games,22
838852,back,4
24140617,share,2
24253615,important,1
15280752,heart,1
24325358,talk,1
1477047,work,1
1060183,district,5
21806032,strategies,1
18043902,played,14
24004147,free,1
24044336,friends,1
4791792,help,1
674917,gallery,1
1060183,house,5
22265532,people,1
24044336,game,1
24004147,vegan,1
24158661,volunteers,1
4791792,meeting,1
23856167,read,1
674917,people,1
24097200,find,1
17160552,fiction,1
3789242,giving,11
23816662,phone,1
19036712,per,22
13352982,minutes,1
24138037,folks,1
925227,work,8
23279162,language,3
674828,make,9
838852,energy,1
1060183,discount,5
24302790,contact,1
23856167,books,1
674917,intermediate,15
23816662,chance,1
674917,using,3
24271886,business,1
15280752,family,1
15280752,book,1
24253615,state,1
674917,fly,1
24158661,neighborhood,1
18864182,attend,1
24302790,like,1
24140617,programs,1
23997318,amp,3
855999,salsa,1
22265532,summer,1
24140617,guest,1
24140617,physical,1
24271886,new,1
1051762,room,1
18225742,please,1
24140617,work,1
23816662,menu,1
23856167,club,1
24044336,fitness,15
21806032,public,1
24140617,young,1
1344683,coming,15
24044336,room,1
23856167,fiction,1
24092941,bowl,1
18225742,night,2
24044336,fun,1
24207859,talk,1
1015384,want,2
24215563,people,1
18225742,room,1
17778672,make,9
24025988,brews,1
1114957,music,5
4791792,discuss,1
674917,work,1
18043902,game,14
855999,dancing,1
24140617,essential,1
1043807,re,22
674917,suggestions,3
674917,theme,3
1344683,cost,15
13352982,exchange,1
23816662,power,1
23558137,bring,7
24158661,amp,2
18864182,ideas,1
24158661,journey,1
674917,masked,1
1015384,open,2
23856167,discussion,1
1043807,visitors,22
1344683,players,35
24051060,questions,1
838852,voice,1
21814002,cards,18
15280752,much,1
855999,class,1
19036712,may,22
674828,time,9
24140617,metaphysical,1
1477047,see,1
24243990,class,1
18225742,new,2
24025988,make,1
23816662,best,1
24051060,health,1
24276968,month,2
24243990,intermediate,2
1038240,discuss,2
