"Group.ID","Group.Lon","Group.Lat"
"1",12750,-76.62000275,39.29000092
"2",23296,-76.61000061,39.29999924
"3",34277,-76.58999634,39.29000092
"4",46921,-76.62000275,39.29000092
"5",54545,-76.62999725,39.27000046
"6",63757,-76.62000275,39.29000092
"7",67679,-76.62000275,39.29000092
"8",115264,-76.61000061,39.33000183
"9",120090,-76.61000061,39.29999924
"10",126264,-76.62000275,39.29000092
"11",160858,-76.62000275,39.29000092
"12",161143,-76.62000275,39.29000092
"13",163684,-76.75,39.20000076
"14",166277,-76.61000061,39.33000183
"15",171952,-76.76999664,39.43000031
"16",216157,-76.62000275,39.29000092
"17",216199,-76.98000336,39.06999969
"18",220231,-76.52999878,39.34000015
"19",221930,-76.63999939,39.33000183
"20",234370,-76.61000061,39.29999924
"21",240153,-76.84999847,39.16999817
"22",305592,-76.73999786,38.99000168
"23",341910,-76.61000061,39.29999924
"24",342781,-76.61000061,39.33000183
"25",347566,-76.61000061,39.29999924
"26",355706,-76.87999725,39.20999908
"27",362261,-76.58999634,39.36000061
"28",364389,-76.86000061,39.13000107
"29",469229,-76.61000061,39.29999924
"30",476983,-76.62000275,39.29000092
"31",480494,-76.62000275,39.29000092
"32",489306,-77.02999878,38.97000122
"33",504817,-76.48999786,39.38999939
"34",510900,-77.01999664,38.95000076
"35",525471,-76.62000275,39.29000092
"36",525665,-76.98000336,39.06999969
"37",527589,-76.63999939,39.33000183
"38",529693,-77.04000092,39
"39",536305,-76.84999847,39.16999817
"40",556378,-76.76999664,38.97000122
"41",601613,-76.58999634,39.29000092
"42",610745,-76.76999664,39.43000031
"43",641217,-76.69000244,39.27999878
"44",671810,-76.72000122,39.15999985
"45",680089,-76.83000183,39.20000076
"46",754177,-76.51000214,39
"47",771425,-76.62999725,39.27000046
"48",780059,-76.83000183,39.20000076
"49",783965,-76.83000183,39.20000076
"50",829741,-76.62000275,39.29000092
"51",937363,-76.83000183,39.20000076
"52",970888,-76.69999695,39.06999969
"53",977618,-76.62999725,39.27000046
"54",990927,-76.51000214,39
"55",1000549,-76.62000275,39.29000092
"56",1010418,-76.91999817,38.95999908
"57",1041517,-76.84999847,39.16999817
"58",1043275,-76.61000061,39.33000183
"59",1087338,-76.61000061,39.29999924
"60",1099209,-76.68000031,39.00999832
"61",1194934,-77.01999664,38.95000076
"62",1204261,-76.55999756,39.34999847
"63",1259215,-76.91000366,39.04000092
"64",1280330,-76.87999725,39.20999908
"65",1286602,-76.87999725,39
"66",1286975,-76.55999756,39.34999847
"67",1290421,-76.62000275,39.29000092
"68",1303423,-76.61000061,39.29999924
"69",1307283,-76.62000275,39.29000092
"70",1309710,-76.58000183,39.15999985
"71",1330116,-76.61000061,39.33000183
"72",1360065,-76.58999634,39.29000092
"73",1362594,-76.83000183,39.13999939
"74",1368799,-76.51000214,39
"75",1374414,-76.62000275,39.29000092
"76",1387740,-76.63999939,39.33000183
"77",1395628,-76.68000031,39.54000092
"78",1409782,-76.61000061,39.29999924
"79",1430295,-76.68000031,39.00999832
"80",1434679,-76.72000122,39.15999985
"81",1447265,-76.76999664,39.43000031
"82",1479083,-76.83000183,39.20000076
"83",1482026,-77.05999756,38.93999863
"84",1482524,-76.76999664,39.43000031
"85",1483174,-76.84999847,39.16999817
"86",1483293,-76.62999725,39.27000046
"87",1486623,-76.83000183,39.20000076
"88",1487001,-76.44999695,39.02000046
"89",1488852,-76.29000092,38.97000122
"90",1489999,-76.29000092,39.54000092
"91",1504062,-76.55999756,39.34999847
"92",1508654,-76.54000092,39.38999939
"93",1508717,-76.59999847,39.04999924
"94",1527439,-77.06999969,38.95999908
"95",1543672,-76.84999847,39.16999817
"96",1548697,-76.58999634,39.29000092
"97",1563498,-76.62000275,39.29000092
"98",1566648,-77,39.06999969
"99",1569746,-76.51000214,39
"100",1583647,-76.61000061,39.40000153
"101",1595201,-76.65000153,39.43000031
"102",1600898,-76.93000031,39.15000153
"103",1602648,-76.73999786,38.99000168
"104",1611931,-76.62999725,39.27000046
"105",1618441,-76.86000061,39.13000107
"106",1622032,-76.62999725,39.15999985
"107",1628848,-76.51000214,39
"108",1634459,-76.87999725,39
"109",1635876,-76.76999664,38.97000122
"110",1639607,-76.41000366,39.34000015
"111",1641342,-76.48999786,39.38999939
"112",1653439,-76.91000366,39.04000092
"113",1655000,-76.61000061,39.33000183
"114",1657414,-76.54000092,39.27999878
"115",1657647,-76.65000153,39.43000031
"116",1673776,-76.69999695,39.06999969
"117",1679859,-76.63999939,39.33000183
"118",1684946,-76.62000275,39.29000092
"119",1689470,-76.69000244,39.27999878
"120",1690451,-76.51000214,39
"121",1694643,-76.68000031,39.00999832
"122",1697038,-76.81999969,39.09000015
"123",1697856,-76.62000275,39.29000092
"124",1707185,-76.69000244,39.36999893
"125",1707494,-76.84999847,39.27000046
"126",1707582,-76.62999725,39.27000046
"127",1712980,-76.83000183,39.20000076
"128",1716109,-76.58999634,39.29000092
"129",1721628,-76.59999847,39.04999924
"130",1724447,-76.62999725,39.27000046
"131",1729130,-76.76999664,39.43000031
"132",1730215,-76.73999786,38.99000168
"133",1735818,-76.58000183,39.40999985
"134",1738990,-76.51000214,39
"135",1741675,-76.52999878,39.34000015
"136",1744356,-76.98000336,39.06999969
"137",1755724,-76.62000275,39.09000015
"138",1757862,-76.62000275,39.36999893
"139",1769232,-76.62000275,39.29000092
"140",1772630,-76.87999725,39.20999908
"141",1773601,-76.58999634,39.29000092
"142",1777768,-76.62999725,39.27000046
"143",1778715,-76.51000214,39
"144",1782507,-76.55999756,39.34999847
"145",1789201,-77.05999756,38.93999863
"146",1789387,-76.65000153,39.43000031
"147",1792094,-76.62999725,39.27000046
"148",1792728,-76.98000336,39.06999969
"149",1797356,-76.61000061,39.33000183
"150",1802842,-76.87999725,39.09999847
"151",1804196,-76.73999786,39.33000183
"152",1827921,-76.97000122,38.95999908
"153",1853161,-76.87999725,39
"154",1897481,-76.62000275,39.29000092
"155",1919681,-76.62000275,39.29000092
"156",2026551,-76.58999634,39.29000092
"157",2033811,-77.01999664,38.95000076
"158",2062961,-76.63999939,39.34999847
"159",2063681,-76.79000092,38.93000031
"160",2089951,-76.84999847,39.27000046
"161",2150751,-76.54000092,39.27999878
"162",2232211,-76.54000092,39.27999878
"163",2327581,-76.61000061,39.29999924
"164",2368711,-76.5,39.25999832
"165",2386191,-76.61000061,39.33000183
"166",2500372,-76.44999695,39.02000046
"167",2519472,-76.62000275,39.29000092
"168",2523962,-76.62000275,39.29000092
"169",2586832,-76.69000244,39.36999893
"170",2590362,-76.87999725,39
"171",2616692,-76.98999786,39.56000137
"172",2775772,-76.84999847,39.27000046
"173",2878782,-76.54000092,39.27999878
"174",2949062,-76.62000275,39.36999893
"175",2956902,-76.54000092,39.27999878
"176",3023872,-76.51000214,39
"177",3037742,-76.97000122,39.34000015
"178",3042672,-76.61000061,39.33000183
"179",3068792,-76.51000214,39
"180",3113012,-76.87999725,39.20999908
"181",3155802,-76.69999695,39.06999969
"182",3206442,-76.48999786,39.38999939
"183",3267012,-76.61000061,39.33000183
"184",3296462,-76.51000214,39
"185",3345512,-76.73999786,39.33000183
"186",3357142,-76.76999664,39.43000031
"187",3369232,-76.61000061,39.33000183
"188",3408932,-76.80999756,39.47000122
"189",3446832,-76.70999908,39.38000107
"190",3479352,-76.69000244,39.36999893
"191",3504492,-76.66000366,39.49000168
"192",3542002,-76.76999664,38.97000122
"193",3572332,-77.04000092,39
"194",3600592,-76.62000275,39.36999893
"195",3604332,-76.69000244,39.36999893
"196",3609802,-76.62000275,39.36999893
"197",3684172,-76.87000275,39.27999878
"198",3684512,-76.84999847,39.27000046
"199",3695742,-76.61000061,39.29999924
"200",3703512,-76.62000275,39.29000092
"201",3755892,-76.62999725,39.27000046
"202",3846562,-76.63999939,39.34999847
"203",3912602,-76.68000031,39.34999847
"204",3925412,-76.87999725,39.20999908
"205",3946742,-76.62999725,39.27000046
"206",4057692,-76.51000214,39
"207",4076802,-76.54000092,39.27999878
"208",4092962,-76.62999725,39.27000046
"209",4119962,-76.44999695,39.02000046
"210",4145332,-76.65000153,39.43000031
"211",4180172,-76.75,39.20000076
"212",4203812,-76.61000061,39.29999924
"213",4206742,-76.76999664,38.97000122
"214",4287422,-76.61000061,39.40000153
"215",4292722,-76.51000214,39.34000015
"216",4329562,-76.48999786,39.38999939
"217",4349342,-76.80000305,39.36999893
"218",4396132,-76.63999939,39.34999847
"219",4413292,-77.01000214,39.02000046
"220",4418302,-77.05999756,39.08000183
"221",4467372,-76.69000244,39.27999878
"222",4484112,-76.61000061,39.33000183
"223",4487662,-76.69000244,39.13000107
"224",4491732,-76.79000092,39.11999893
"225",4511032,-76.61000061,39.33000183
"226",4515502,-76.63999939,39.33000183
"227",4573252,-76.56999969,39.29999924
"228",4620922,-76.61000061,39.29999924
"229",4646112,-76.58999634,39.36000061
"230",4652422,-76.83000183,39.20000076
"231",4695982,-76.61000061,39.40000153
"232",4731942,-76.63999939,39.31000137
"233",4791802,-76.51000214,39
"234",4831692,-76.84999847,39.16999817
"235",4927242,-76.83000183,39.20000076
"236",4954982,-76.65000153,39.43000031
"237",4961322,-76.66000366,39.20999908
"238",4975172,-76.58999634,39.36000061
"239",5009622,-76.87999725,39.20999908
"240",5097352,-76.58999634,39.29000092
"241",5193572,-76.87999725,39
"242",5199112,-76.63999939,39.33000183
"243",5199772,-77.04000092,39
"244",5364102,-76.30000305,39.47000122
"245",5409682,-76.61000061,39.33000183
"246",5473832,-76.69000244,39.36999893
"247",5505652,-76.87999725,39.20999908
"248",5764082,-77,39.25999832
"249",5954122,-76.36000061,39.43000031
"250",6008622,-76.48999786,38.95000076
"251",6133872,-76.51000214,39
"252",6167822,-76.54000092,39.27999878
"253",6195792,-76.62999725,39.27000046
"254",6244292,-76.84999847,39.16999817
"255",6326812,-76.76999664,38.97000122
"256",6432042,-76.83000183,39.20000076
"257",6444352,-76.62000275,39.36999893
"258",6520362,-76.84999847,38.95999908
"259",6555302,-77.05999756,38.93999863
"260",6595802,-76.62999725,39.27000046
"261",6682212,-76.87999725,39
"262",6728742,-76.65000153,39.43000031
"263",6779432,-76.62000275,39.29000092
"264",6801922,-76.44999695,39.02000046
"265",6861652,-76.83000183,39.20000076
"266",6913562,-77.05999756,38.93999863
"267",6937072,-76.72000122,39.15999985
"268",6942172,-76.58000183,39.40999985
"269",7172862,-76.73999786,39.33000183
"270",7198462,-76.80000305,39.36999893
"271",7222872,-76.69999695,39.06999969
"272",7230492,-76.51000214,39
"273",7236412,-76.83000183,39.20000076
"274",7292242,-76.75,39.20000076
"275",7328402,-76.61000061,39.33000183
"276",7379072,-76.73999786,39.33000183
"277",7431112,-77.05999756,39.08000183
"278",7467372,-76.51000214,39
"279",7554772,-76.76999664,39.43000031
"280",7633932,-76.80999756,39.15000153
"281",7747472,-76.56999969,39.08000183
"282",7748062,-76.87999725,39
"283",7846652,-76.61000061,39.33000183
"284",7924392,-76.51000214,39
"285",7939672,-76.87999725,39.09999847
"286",7980322,-76.59999847,39.04999924
"287",8044432,-76.58000183,39.31000137
"288",8267012,-76.58000183,39.31000137
"289",8323892,-76.69999695,39.25
"290",8583292,-76.66000366,39.49000168
"291",8640582,-76.58000183,39.40999985
"292",8654442,-76.61000061,39.29999924
"293",8720762,-76.87999725,39.20999908
"294",8736892,-76.61000061,39.33000183
"295",8915302,-76.70999908,39.38000107
"296",9020342,-76.61000061,39.40000153
"297",9036002,-76.62000275,39.36999893
"298",9192122,-76.56999969,39.08000183
"299",9211052,-76.51000214,39.34000015
"300",9332282,-76.70999908,39.25
"301",9399692,-76.61000061,39.33000183
"302",9403172,-76.54000092,39.27999878
"303",9407482,-76.70999908,39.38000107
"304",9441482,-76.62000275,39.36999893
"305",9497262,-76.76999664,39.43000031
"306",9499332,-76.98000336,39.06999969
"307",9726402,-76.68000031,39.00999832
"308",9738612,-76.61000061,39.29999924
"309",9822922,-76.69000244,39.36999893
"310",9865892,-77.04000092,39
"311",9975902,-76.61000061,39.33000183
"312",10021062,-76.62999725,39.15999985
"313",10058952,-76.62000275,39.09000015
"314",10149152,-76.54000092,39.27999878
"315",10188812,-76.62999725,39.27000046
"316",10198952,-76.63999939,39.31000137
"317",10200022,-76.83000183,39.20000076
"318",10235192,-76.75,39.20000076
"319",10236952,-77.02999878,39.15000153
"320",10237332,-76.70999908,39.31999969
"321",10310672,-76.84999847,39.16999817
"322",10458782,-76.83000183,39.20000076
"323",10497212,-76.80999756,39.47000122
"324",10524092,-76.68000031,39.31000137
"325",10542312,-76.84999847,39.27000046
"326",10574062,-76.62999725,39.27000046
"327",10588512,-76.65000153,39.43000031
"328",10620982,-76.61000061,39.29999924
"329",10622512,-76.61000061,39.40000153
"330",10641542,-76.81999969,39.09000015
"331",10753532,-76.61000061,39.29999924
"332",10762962,-76.87000275,39.27999878
"333",10987832,-76.61000061,39.40000153
"334",11007622,-76.62000275,39.29000092
"335",11058512,-76.29000092,39.54000092
"336",11091822,-76.62999725,39.27000046
"337",11127312,-76.61000061,39.38999939
"338",11221382,-76.63999939,39.34999847
"339",11264562,-76.40000153,39.56999969
"340",11334532,-76.76999664,38.97000122
"341",11341802,-76.86000061,39.13000107
"342",11365022,-76.69000244,39.27999878
"343",11428542,-76.54000092,39.27999878
"344",11454712,-76.83000183,39.20000076
"345",11458132,-76.72000122,38.93000031
"346",11461952,-76.83000183,39.20000076
"347",11492592,-76.62999725,39.27000046
"348",11501142,-76.70999908,39.38000107
"349",11511512,-76.83000183,39.20000076
"350",11625842,-76.62000275,39.29000092
"351",11675792,-76.51000214,39
"352",12027842,-76.63999939,39.33000183
"353",12058222,-76.87999725,39.20999908
"354",12140542,-76.84999847,39.06000137
"355",12202972,-76.51000214,39
"356",12273832,-76.58999634,39.36000061
"357",12333652,-76.62000275,39.09000015
"358",12446372,-76.62000275,39.29000092
"359",12513372,-76.62000275,39.36999893
"360",12574592,-76.83000183,39.20000076
"361",12725352,-76.69000244,39.33000183
"362",12854102,-76.51000214,39
"363",12887112,-76.62000275,39.36999893
"364",12976052,-76.83000183,39.20000076
"365",13049162,-77.01000214,38.99000168
"366",13058532,-76.58999634,39.29000092
"367",13070392,-76.54000092,39.38999939
"368",13087212,-76.70999908,39.38000107
"369",13172002,-76.62000275,39.36999893
"370",13173132,-76.65000153,39.27999878
"371",13174702,-76.62000275,39.36999893
"372",13201342,-76.61000061,39.33000183
"373",13231382,-76.83000183,39.20000076
"374",13234942,-76.94000244,39.09999847
"375",13290212,-76.62000275,39.36999893
"376",13304312,-76.61000061,39.40000153
"377",13309992,-76.70999908,39.31999969
"378",13443812,-76.63999939,39.34999847
"379",13454522,-76.87999725,39.20999908
"380",13527772,-76.80999756,39.47000122
"381",13530102,-76.83000183,39.20000076
"382",13531822,-76.98999786,39.56000137
"383",13556002,-76.62000275,39.29000092
"384",13556942,-76.62000275,39.29000092
"385",13561482,-76.66000366,39.49000168
"386",13595702,-76.5,39.04999924
"387",13649552,-76.87999725,39.20999908
"388",13651182,-76.61000061,39.33000183
"389",13685862,-76.30000305,39.47000122
"390",13706632,-76.51000214,39
"391",13731182,-76.83000183,39.20000076
"392",13733472,-76.61000061,39.33000183
"393",13880932,-76.70999908,39.31999969
"394",13896252,-76.84999847,39.16999817
"395",13951372,-76.61000061,39.29999924
"396",13979272,-76.62999725,39.27000046
"397",13980862,-76.54000092,39.38999939
"398",13996962,-76.87999725,39.20999908
"399",14022602,-76.61000061,39.33000183
"400",14028002,-76.76999664,38.97000122
"401",14038212,-76.62000275,39.29000092
"402",14303552,-76.83000183,39.20000076
"403",14330332,-76.97000122,39.34000015
"404",14337072,-76.51000214,39
"405",14380472,-76.66999817,39.18000031
"406",14473692,-76.58999634,39.29000092
"407",14478662,-76.87999725,39.20999908
"408",14556582,-76.61000061,39.29999924
"409",14638302,-76.75,39.20000076
"410",14703772,-76.83000183,39.20000076
"411",14708292,-76.62000275,39.29000092
"412",14740262,-76.59999847,39.04999924
"413",14860452,-76.54000092,39.27999878
"414",14884892,-76.61000061,39.29999924
"415",14940442,-76.83000183,39.20000076
"416",15085882,-77.01000214,38.99000168
"417",15264472,-76.51000214,39
"418",15290542,-76.83000183,39.20000076
"419",15305792,-76.62999725,39.15999985
"420",15481012,-76.68000031,39.34999847
"421",15497222,-76.58000183,39.15999985
"422",15587782,-76.62999725,39.27000046
"423",15760472,-76.83000183,39.20000076
"424",15850392,-76.51000214,39
"425",15877782,-76.62000275,39.29000092
"426",15883372,-76.61000061,39.33000183
"427",15911442,-76.83000183,39.20000076
"428",15923322,-76.54000092,39.27999878
"429",15968882,-76.51000214,39
"430",15973912,-76.69999695,39.06999969
"431",15988082,-76.66999817,39.04000092
"432",16121932,-76.62000275,39.29000092
"433",16211202,-76.61000061,39.29999924
"434",16261092,-76.83000183,39.20000076
"435",16320952,-76.62000275,39.29000092
"436",16372472,-76.62999725,39.15999985
"437",16393702,-76.62000275,39.29000092
"438",16489602,-76.68000031,39.00999832
"439",16508482,-76.5,39.25999832
"440",16566822,-76.61000061,39.40000153
"441",16600962,-76.73999786,39.33000183
"442",16621912,-76.79000092,39.11999893
"443",16622802,-76.69999695,39.25
"444",16674222,-76.73999786,38.99000168
"445",16726372,-76.61000061,39.29999924
"446",16730162,-76.54000092,39.38999939
"447",16773082,-76.90000153,39.5
"448",16791672,-76.73999786,39.33000183
"449",16853072,-76.83000183,39.20000076
"450",16854752,-76.51000214,39
"451",16856522,-76.83000183,39.20000076
"452",16920752,-76.59999847,39.04999924
"453",17034522,-76.61000061,39.33000183
"454",17060032,-77.05999756,38.93999863
"455",17072672,-76.83000183,39.20000076
"456",17095982,-76.63999939,39.33000183
"457",17110322,-76.66000366,39.49000168
"458",17120502,-76.68000031,39.34999847
"459",17141442,-76.62000275,39.29000092
"460",17176312,-76.61000061,39.33000183
"461",17217782,-76.62000275,39.29000092
"462",17224062,-76.54000092,39.38999939
"463",17224522,-76.84999847,39.16999817
"464",17273482,-76.68000031,39.00999832
"465",17316882,-76.83000183,39.20000076
"466",17364432,-76.73999786,38.99000168
"467",17394792,-76.62000275,39.29000092
"468",17417312,-76.58000183,39.15999985
"469",17421022,-76.87999725,39.20999908
"470",17441932,-76.63999939,39.34999847
"471",17473602,-76.66000366,39.49000168
"472",17502272,-76.84999847,39.16999817
"473",17531112,-76.62000275,39.29000092
"474",17539532,-76.61000061,39.33000183
"475",17589012,-76.61000061,39.29999924
"476",17616052,-76.5,39.25999832
"477",17623432,-76.83000183,39.20000076
"478",17640062,-76.73999786,38.99000168
"479",17721202,-76.62999725,39.27000046
"480",17731992,-76.48999786,39.38999939
"481",17798552,-76.62000275,39.29000092
"482",17812632,-76.84999847,39.16999817
"483",17815332,-76.73999786,38.99000168
"484",17841822,-76.62000275,39.29000092
"485",17841902,-76.61000061,39.33000183
"486",17857582,-76.58000183,39.15999985
"487",17874762,-76.83000183,39.20000076
"488",17909102,-76.68000031,39.34999847
"489",17917962,-76.62000275,39.29000092
"490",17925552,-76.30000305,39.47000122
"491",17963202,-76.51000214,39
"492",17977572,-76.51000214,39
"493",18092562,-76.87000275,39.27999878
"494",18100142,-76.63999939,39.34999847
"495",18170222,-76.73999786,39.33000183
"496",18182658,-76.62999725,39.27000046
"497",18183973,-76.23999786,39.47000122
"498",18190242,-76.44999695,39.02000046
"499",18195383,-76.73999786,38.99000168
"500",18198676,-76.69000244,39.33000183
"501",18198851,-76.51000214,39
"502",18200874,-76.61000061,39.29999924
"503",18200941,-76.69000244,39.36999893
"504",18202921,-76.62999725,39.15999985
"505",18205079,-76.73999786,38.99000168
"506",18217750,-76.61000061,39.29000092
"507",18221393,-76.62000275,39.29000092
"508",18224176,-77.01000214,39.02000046
"509",18224411,-77.02999878,38.93000031
"510",18231799,-76.51000214,39
"511",18241306,-76.87999725,39.09999847
"512",18241699,-76.65000153,39.27999878
"513",18246118,-76.62999725,39.27000046
"514",18249006,-76.61000061,39.29999924
"515",18257037,-76.51000214,39
"516",18259026,-76.87999725,39
"517",18261987,-76.56999969,39.29999924
"518",18274547,-76.48999786,38.95000076
"519",18276500,-76.69999695,39.06999969
"520",18287404,-76.69000244,39.33000183
"521",18288593,-76.51000214,39
"522",18288613,-76.54000092,39.38999939
"523",18291900,-76.76999664,39.43000031
"524",18293435,-76.93000031,39.15000153
"525",18300448,-76.65000153,39.43000031
"526",18313791,-76.29000092,39.54000092
"527",18314090,-76.61000061,39.29999924
"528",18322979,-76.83000183,39.20000076
"529",18326310,-76.68000031,39.34999847
"530",18326673,-76.84999847,39.16999817
"531",18334650,-76.62000275,39.36999893
"532",18334943,-76.72000122,39.15999985
"533",18350080,-76.84999847,39.16999817
"534",18350712,-76.59999847,39.04999924
"535",18358343,-76.51000214,39
"536",18360068,-76.48999786,38.95000076
"537",18369081,-76.93000031,39
"538",18369879,-76.62000275,39.29000092
"539",18371371,-76.73999786,38.99000168
"540",18375036,-76.36000061,39.43000031
"541",18377925,-76.51000214,39
"542",18381821,-76.79000092,39.11999893
"543",18387453,-76.76999664,39.43000031
"544",18389060,-76.51000214,39
"545",18390617,-77.04000092,39
"546",18395971,-76.87999725,39.20999908
"547",18396969,-76.63999939,39.31000137
"548",18398926,-76.58000183,39.40999985
"549",18402474,-76.62999725,39.27000046
"550",18403420,-76.98000336,39.06999969
"551",18413629,-76.72000122,39.15999985
"552",18414330,-76.84999847,39.16999817
"553",18418997,-76.87999725,39.09999847
"554",18419841,-76.97000122,39.34000015
"555",18420674,-76.58999634,39.29000092
"556",18428258,-76.76999664,39.43000031
"557",18431278,-76.84999847,39.27000046
"558",18433207,-76.61000061,39.33000183
"559",18437214,-76.62000275,39.29000092
"560",18441526,-76.62999725,39.27000046
"561",18441934,-76.65000153,39.43000031
"562",18444061,-76.63999939,39.33000183
"563",18446786,-76.30000305,39.47000122
"564",18451442,-76.76999664,39.43000031
"565",18452631,-76.79000092,38.93000031
"566",18452705,-76.84999847,39.06000137
"567",18458052,-76.48999786,38.95000076
"568",18458279,-76.51000214,39
"569",18458307,-76.51000214,39
"570",18467089,-76.62000275,39.36999893
"571",18468114,-76.54000092,39.38999939
"572",18470297,-76.62000275,39.29000092
"573",18471820,-76.87999725,39.20999908
"574",18479934,-76.58000183,39.40999985
"575",18482431,-76.62999725,38.93999863
"576",18484066,-76.30000305,39.47000122
"577",18491267,-76.76999664,39.43000031
"578",18494165,-76.87999725,39.20999908
"579",18501613,-76.61000061,39.29999924
"580",18507197,-76.66999817,39.18000031
"581",18507491,-76.61000061,39.29999924
"582",18509664,-76.69000244,39.33000183
"583",18510087,-76.62000275,39.29000092
"584",18515333,-76.87999725,39.09999847
"585",18520618,-76.62000275,39.29000092
"586",18521735,-76.63999939,39.31000137
"587",18521891,-76.79000092,38.93000031
"588",18522836,-76.69000244,39.27999878
"589",18524724,-76.51000214,39
"590",18525065,-76.51000214,39
"591",18526756,-76.87000275,39.27999878
"592",18527085,-77.02999878,38.97000122
"593",18527681,-76.69999695,39.06999969
"594",18530857,-77.01999664,39.27999878
"595",18531797,-76.54000092,39.27999878
"596",18533122,-76.62000275,39.29000092
"597",18535230,-76.62000275,39.29000092
"598",18535249,-76.62000275,39.29000092
"599",18535506,-76.62000275,39.29000092
"600",18535847,-76.87999725,39.09999847
"601",18541256,-76.98000336,39.06999969
"602",18541471,-76.62000275,39.29000092
"603",18542786,-76.61000061,39.29999924
"604",18542800,-76.80999756,39.47000122
"605",18542857,-76.61000061,39.33000183
"606",18550640,-76.65000153,39.43000031
"607",18551150,-76.80999756,39.47000122
"608",18551653,-76.87999725,39.20999908
"609",18552533,-76.62999725,39.27000046
"610",18552569,-76.63999939,39.33000183
"611",18552999,-76.51000214,39.34000015
"612",18554305,-76.69000244,39.36999893
"613",18555642,-76.51000214,39
"614",18563395,-76.56999969,39.29999924
"615",18564659,-76.56999969,39.29999924
"616",18564809,-76.73999786,38.99000168
"617",18566459,-76.84999847,39.06000137
"618",18567155,-76.62999725,39.27000046
"619",18567410,-76.87000275,39.27999878
"620",18567733,-76.61000061,39.33000183
"621",18567867,-76.69999695,39.06999969
"622",18573562,-76.62000275,39.29000092
"623",18578143,-76.65000153,39.43000031
"624",18588282,-76.73999786,38.99000168
"625",18589653,-76.73999786,38.99000168
"626",18590449,-76.66000366,39.49000168
"627",18593818,-76.97000122,39.34000015
"628",18603873,-76.83999634,39.27000046
"629",18604047,-76.87999725,39.09999847
"630",18605005,-76.76999664,39.43000031
"631",18608972,-76.72000122,39.15999985
"632",18609769,-76.83000183,39.20000076
"633",18610742,-76.62999725,39.27000046
"634",18612935,-76.83999634,39.27000046
"635",18615602,-76.62000275,39.29000092
"636",18618124,-76.62000275,39.29000092
"637",18627412,-76.61000061,39.40000153
"638",18631483,-76.51000214,39
"639",18639521,-76.72000122,38.93000031
"640",18641651,-76.51000214,39
"641",18642227,-76.63999939,39.31000137
"642",18646501,-76.63999939,39.31000137
"643",18649465,-76.87999725,39.20999908
"644",18656513,-76.87999725,39.20999908
"645",18656681,-77.02999878,38.93000031
"646",18657497,-76.65000153,39.43000031
"647",18668027,-76.87999725,39.20999908
"648",18670516,-76.69000244,39.36999893
"649",18675006,-76.73999786,39.33000183
"650",18676782,-76.87999725,39.09999847
"651",18678041,-76.58999634,39.29000092
"652",18684682,-76.62999725,39.27000046
"653",18685310,-76.72000122,38.93000031
"654",18686752,-76.62000275,39.29000092
"655",18686926,-76.72000122,38.93000031
"656",18688644,-76.73999786,38.99000168
"657",18690754,-76.87999725,39
"658",18701629,-76.87000275,39.27999878
"659",18701729,-76.62999725,39.15999985
"660",18705090,-76.73999786,38.99000168
"661",18706620,-76.83000183,39.20000076
"662",18707889,-76.87999725,39.20999908
"663",18708607,-76.54000092,39.38999939
"664",18709803,-76.51000214,39
"665",18710892,-76.54000092,39.27999878
"666",18719110,-76.94999695,39.20000076
"667",18719396,-76.62000275,39.29000092
"668",18721703,-76.66999817,39.04000092
"669",18731111,-76.61000061,39.29999924
"670",18732323,-76.41000366,39.40000153
"671",18734785,-76.87999725,39.20999908
"672",18738586,-76.62000275,39.29000092
"673",18741561,-76.66000366,39.49000168
"674",18744121,-76.73999786,38.99000168
"675",18746323,-76.62000275,39.29000092
"676",18749857,-76.62000275,39.29000092
"677",18750631,-76.83000183,39.20000076
"678",18750854,-76.54000092,39.27999878
"679",18753018,-76.62999725,39.27000046
"680",18753226,-77.02999878,38.93000031
"681",18754906,-76.58000183,39.31000137
"682",18760307,-76.51000214,39
"683",18764803,-76.51000214,39
"684",18766627,-76.97000122,39.34000015
"685",18772897,-76.62000275,39.29000092
"686",18773649,-76.83000183,39.20000076
"687",18775520,-76.68000031,39.34999847
"688",18780377,-76.62999725,39.27000046
"689",18782401,-76.87999725,39.20999908
"690",18782586,-76.62000275,39.29000092
"691",18784471,-76.72000122,39.15999985
"692",18785976,-76.62999725,39.27000046
"693",18786434,-76.73999786,39.33000183
"694",18788708,-76.66000366,39.49000168
"695",18789281,-76.61000061,39.29999924
"696",18797819,-76.97000122,39.34000015
"697",18799074,-76.69999695,39.06999969
"698",18810482,-76.73999786,38.99000168
"699",18814691,-76.30000305,39.47000122
"700",18817272,-76.61000061,39.29999924
"701",18819795,-76.59999847,39.40000153
"702",18820285,-76.62000275,39.29000092
"703",18827905,-76.62000275,39.29000092
"704",18829219,-76.48999786,38.95000076
"705",18829358,-76.73999786,38.99000168
"706",18830916,-76.66000366,39.49000168
"707",18831276,-76.62000275,39.29000092
"708",18832735,-76.54000092,39.27999878
"709",18832751,-76.58999634,39.29000092
"710",18835388,-76.5,39.04999924
"711",18835411,-76.84999847,39.27000046
"712",18838558,-76.51000214,39
"713",18838784,-76.48999786,39.38999939
"714",18838988,-76.86000061,39.13000107
"715",18841499,-76.87999725,39.20999908
"716",18850011,-76.87000275,39.27999878
"717",18850133,-76.23999786,39.47000122
"718",18852345,-76.51000214,39.34000015
"719",18852531,-76.44999695,39.02000046
"720",18855374,-76.51000214,39
"721",18856493,-76.62000275,39.29000092
"722",18857106,-76.87999725,39.09999847
"723",18857796,-76.87999725,39.20999908
"724",18858215,-76.91000366,39.04000092
"725",18861499,-76.91000366,39.04000092
"726",18863220,-76.65000153,39.43000031
"727",18864876,-76.87999725,39.20999908
"728",18867355,-76.51000214,39
"729",18867973,-76.65000153,39.43000031
"730",18872013,-76.76999664,39.43000031
"731",18873501,-76.61000061,39.38999939
"732",18878471,-76.84999847,39.06000137
"733",18880682,-76.87999725,39.20999908
"734",18881971,-76.58000183,39.15999985
"735",18882920,-76.87999725,39.20999908
"736",18885760,-76.87999725,39.20999908
"737",18889041,-76.51000214,39
"738",18889111,-76.73999786,39.33000183
"739",18889961,-76.62000275,39.09000015
"740",18890613,-76.51000214,39
"741",18894450,-76.87999725,39.09999847
"742",18895616,-76.51000214,39
"743",18895741,-76.48999786,38.95000076
"744",18901477,-76.87999725,39.20999908
"745",18906003,-76.73999786,38.99000168
"746",18907335,-76.51000214,39
"747",18928275,-76.62000275,39.29000092
"748",18930232,-76.62000275,39.29000092
"749",18930678,-76.62000275,39.29000092
"750",18930965,-76.76999664,39.43000031
"751",18931302,-76.61000061,39.29999924
"752",18931363,-76.63999939,39.33000183
"753",18932182,-76.54000092,39.27999878
"754",18932742,-76.69999695,39.15999985
"755",18934162,-76.70999908,39.38000107
"756",18941755,-76.61000061,39.33000183
"757",18944650,-76.83999634,39.09999847
"758",18950101,-76.76999664,39.43000031
"759",18950489,-76.51000214,39
"760",18953950,-76.54000092,39.38999939
"761",18955077,-76.51000214,39.13000107
"762",18955289,-76.54000092,39.27999878
"763",18957120,-76.83999634,39.27000046
"764",18957208,-76.61000061,39.33000183
"765",18957684,-76.51000214,39
"766",18960294,-76.58999634,39.29000092
"767",18961113,-76.80999756,39.47000122
"768",18961216,-76.62000275,39.29000092
"769",18962004,-76.63999939,39.34999847
"770",18964079,-76.73999786,39.33000183
"771",18966657,-76.87999725,39.20999908
"772",18976267,-76.87999725,39.20999908
"773",18977159,-76.84999847,39.16999817
"774",18977295,-76.80999756,39.47000122
"775",18977602,-76.86000061,39.13000107
"776",18978105,-76.93000031,39
"777",18983613,-76.5,39.25999832
"778",18983831,-76.36000061,39.54000092
"779",18991616,-76.62000275,39.29000092
"780",18992514,-76.73999786,39.33000183
"781",18993260,-76.54000092,39.27999878
"782",18997837,-76.73999786,38.99000168
"783",18998113,-76.87999725,39.09999847
"784",19002984,-76.61000061,39.40000153
"785",19011634,-76.62000275,39.29000092
"786",19014756,-76.76999664,39.43000031
"787",19019470,-76.30000305,39.47000122
"788",19021466,-76.62000275,39.29000092
"789",19024732,-76.70999908,39.31999969
"790",19024925,-76.62000275,39.29000092
"791",19028900,-76.58999634,39.29000092
"792",19032509,-76.62000275,39.29000092
"793",19046197,-76.87999725,39
"794",19046511,-76.51000214,39
"795",19050975,-76.87999725,39.09999847
"796",19052010,-76.68000031,39.00999832
"797",19059144,-76.80999756,38.97999954
"798",19060151,-76.62000275,39.29000092
"799",19062657,-76.87999725,39.09999847
"800",19065972,-76.61000061,39.29999924
"801",19066892,-76.62000275,39.29000092
