"Index","Venue.ID","Cluster.ID","Event.Lon","Event.Lat"
"1",0,1405887,5,-79.949497,40.445651
"2",1,23558137,0,-79.965431,40.426212
"3",2,1477047,5,-79.956929,40.44156
"4",3,1056614,5,-79.926748,40.442868
"5",4,1074457,5,-79.959778,40.436726
"6",5,24013067,5,-79.926727,40.442986
"7",6,23691216,5,-79.957092,40.441185
"8",7,23999255,5,-79.992828,40.421104
"9",8,20771402,5,-79.932976,40.451439
"10",9,1085669,5,-80.054848,40.626677
"11",10,816398,5,-79.932838,40.451405
"12",11,674917,5,-80.059784,40.633533
"13",12,12495712,5,-79.958191,40.43631
"14",13,11251872,5,-79.923264,40.433186
"15",14,14215392,5,-79.995888,40.440624
"16",15,17778672,5,-80.066353,40.395706
"17",16,861615,5,-80.128343,40.333846
"18",17,120810,5,-79.93,40.450001
"19",18,674828,5,-79.929955,40.45672
"20",19,24143509,5,-79.89283,40.430172
"21",20,738078,5,-79.893478,40.430318
"22",21,7670402,5,-79.992615,40.446491
"23",22,377244,7,-79.989998,40.450001
"24",23,24143497,5,-79.94142,40.45707
"25",24,13138812,5,-79.765609,40.565886
"26",25,1226521,5,-79.604248,40.547119
"27",26,948011,5,-79.980113,40.432181
"28",27,969038,5,-79.820946,40.356025
"29",28,12956142,5,-79.967049,40.471539
"30",29,112937,5,-79.740486,40.416378
"31",30,23747461,5,-80.024765,40.411114
"32",31,1161333,5,-80.034774,40.368731
"33",32,14701002,5,-79.983452,40.451618
"34",33,23942660,5,-79.954361,40.436604
"35",34,23802318,5,-79.932846,40.434605
"36",35,24192160,5,-79.999702,40.440929
"37",36,563624,5,-79.982964,40.45155
"38",37,18517682,5,-79.966438,40.462868
"39",38,23722927,0,-79.965073,40.427895
"40",39,8040282,5,-79.560028,40.566906
"41",40,6642862,0,-79.997032,40.597488
"42",41,23831562,0,-79.969124,40.47515
"43",42,3774262,5,-79.559685,40.563766
"44",43,18630612,5,-79.948845,40.443424
"45",44,24138037,0,-80.108086,40.365986
"46",45,18225742,5,-79.958076,40.436008
"47",46,8687792,5,-79.892113,40.438137
"48",47,24078122,5,-79.956444,40.44154
"49",48,6598742,1,-80.024681,40.410015
"50",49,24067793,5,-79.95192,40.44355
"51",50,23877731,5,-80.11061,40.336674
"52",51,2096281,0,-80.005302,40.453037
"53",52,158916,5,-79.941635,40.45604
"54",53,19584142,5,-79.752747,40.43412
"55",54,17223972,6,-79.997398,40.441811
"56",55,1438873,5,-79.984559,40.429133
"57",56,23410252,0,-80.035835,40.393921
"58",57,4643142,0,-79.925354,40.460972
"59",58,19765222,5,-80.036903,40.393036
"60",59,23934258,5,-80.119026,40.340977
"61",60,7821902,5,-79.958496,40.46777
"62",61,10559182,5,-79.946754,40.46014
"63",62,24024786,4,-80.003014,40.453072
"64",63,18095142,5,-79.911499,40.458885
"65",64,1267847,0,-80.081696,40.584347
"66",65,24077799,5,-79.920715,40.452885
"67",66,754565,7,-80.020084,40.451172
"68",67,23995722,0,-79.965309,40.427784
"69",68,23612354,5,-79.666946,40.455193
"70",69,23883039,5,-79.984566,40.429131
"71",70,1450785,5,-80.158007,40.448456
"72",71,1254629,3,-79.943,40.450757
"73",72,558189,5,-79.92682,40.46045
"74",73,1122073,5,-79.97662,40.420841
"75",74,15597412,5,-79.923264,40.433186
"76",75,978650,5,-79.95681,40.441555
"77",76,12921352,5,-80.204437,40.282993
"78",77,731596,5,-79.930554,40.459939
"79",78,938297,5,-80.065841,40.312354
"80",79,24102008,5,-80.179184,40.457462
"81",80,24075973,5,-80.17587,40.451733
"82",81,23736080,5,-80.21772,40.520031
"83",82,13254552,5,-80.162399,40.277706
"84",83,822670,5,-80.16129,40.448326
"85",84,24104397,5,-80.054298,40.632034
"86",85,23769367,5,-80.05677,40.633598
"87",86,835698,5,-80.160244,40.455791
"88",87,1594958,5,-80.007385,40.539204
"89",88,6838692,5,-79.995888,40.440624
"90",89,1015384,5,-79.811892,40.428055
"91",90,22170312,5,-80.031731,40.409874
"92",91,23704317,5,-79.940247,40.633209
"93",92,20348552,5,-79.709923,40.646149
"94",93,570488,5,-80.050385,40.355923
"95",94,24018257,5,-79.891785,40.487
"96",95,23530350,5,0,0
"97",96,23949897,5,-79.979324,40.428879
"98",97,889145,0,-80.076578,40.521193
"99",98,23704137,5,-79.944771,40.619308
"100",99,18444232,5,-79.933891,40.660416
"101",100,23964667,5,-80.051872,40.357716
"102",101,23530353,5,-80.223083,40.508793
"103",102,23703940,5,-79.96505,40.465736
"104",103,856403,5,-79.772346,40.437237
"105",104,1403851,5,-80.085305,40.40823
"106",105,9126032,0,-79.951599,40.482544
"107",106,16266372,5,-79.879776,40.513401
"108",107,21776612,5,-79.910728,40.52663
"109",108,1584182,5,-79.925491,40.451275
"110",109,783159,5,-79.894225,40.433416
"111",110,814077,0,-79.899214,40.455284
"112",111,6229922,5,-79.998558,40.442795
"113",112,674849,5,-79.95312,40.455513
"114",113,1054771,5,-80.035239,40.39618
"115",114,4869282,5,-80.03524,40.396179
"116",115,9877572,5,-79.889725,40.488403
"117",116,9084142,5,-79.941574,40.443504
"118",117,23740790,5,-79.960838,40.469887
"119",118,335676,5,-80.18604,40.491043
"120",119,1055186,1,-80.043927,40.397388
"121",120,969027,0,-79.997589,40.292603
"122",121,674839,0,-80.079155,40.522995
"123",122,836419,5,-79.919512,40.406871
"124",123,6814352,0,-80.029968,40.583481
"125",124,8350162,0,-79.911003,40.569515
"126",125,24044351,5,-80.169502,40.391678
"127",126,689526,4,-80.013532,40.445305
"128",127,1092762,1,-80.006336,40.374626
"129",128,17111332,5,-79.986343,40.327496
"130",129,14048792,5,-80.003166,40.445183
"131",130,4971712,0,-79.96505,40.428066
"132",131,24053586,0,-80.08183,40.584385
"133",132,23781324,5,-80.035248,40.396339
"134",133,11892872,5,-79.949791,40.434441
"135",134,14516412,4,-80.018555,40.438122
"136",135,10654802,6,-79.98497,40.451527
"137",136,23826462,7,-80.000488,40.443779
"138",137,1308714,5,-79.94216,40.431979
"139",138,24131401,5,-79.985535,40.450741
"140",139,11442842,5,-80.142403,40.448868
"141",140,20804532,6,-80.005486,40.433949
"142",141,1545901,0,-80.049225,40.353638
"143",142,23626200,4,-80.017372,40.446075
"144",143,20780262,4,-79.993423,40.459293
"145",144,2576351,5,-80.06115,40.394966
"146",145,18164272,5,-80.017685,40.546852
"147",146,20510472,5,-79.933632,40.451412
"148",147,1854861,5,-79.900291,40.613205
"149",148,674812,5,-79.972336,40.428295
"150",149,23642275,5,0,0
"151",150,11666052,1,-80.000687,40.35939
"152",151,12816712,1,-80.044571,40.399273
"153",152,911421,0,-79.957462,40.423227
"154",153,8337782,5,-79.980501,40.461108
"155",154,1136838,7,-80.041341,40.423784
"156",155,937447,6,-80.007369,40.430364
"157",156,15594022,5,-79.995888,40.440624
"158",157,727351,5,-80.176316,40.449835
"159",158,852775,5,-80.003711,40.432542
"160",159,8129432,5,-80.010818,40.445938
"161",160,721440,5,-79.898384,40.431808
"162",161,24187292,5,-79.963905,40.461864
"163",162,23998769,5,-79.56413,40.277355
"164",163,997661,5,-79.948149,40.440809
"165",164,23923760,5,-80.021164,40.490067
"166",165,4759112,5,-79.94216,40.431979
"167",166,22100192,5,-79.997467,40.438339
"168",167,23797045,5,-79.557869,40.350212
"169",168,7588462,5,-79.888092,40.432568
"170",169,23592287,5,-80.160194,40.304428
"171",170,8626252,5,-80.080658,40.654568
"172",171,3017921,5,-80.050003,40.684216
"173",172,24173140,5,-80.079674,40.65451
"174",173,23976966,5,-79.828491,40.620811
"175",174,740042,0,-79.979666,40.594669
"176",175,24033346,5,-79.963692,40.438213
"177",176,674836,5,-79.99923,40.44261
"178",177,3963902,5,-79.947922,40.461079
"179",178,9933862,6,-79.996666,40.443378
"180",179,1108438,5,-79.963923,40.465831
"181",180,24053265,5,-79.98939,40.43682
"182",181,1013607,5,-79.899085,40.449691
"183",182,674802,6,-80.003494,40.452225
"184",183,8659062,5,-79.915207,40.430264
"185",184,24038997,5,-79.901573,40.387962
"186",185,955603,5,-79.996123,40.443417
"187",186,24024710,0,-80.010582,40.454731
"188",187,24142157,7,-79.995888,40.440624
"189",188,6434262,7,-80.001007,40.443089
"190",189,22802542,5,-79.998665,40.443642
"191",190,23475652,6,-79.996658,40.443264
"192",191,24063288,4,-80.055374,40.496185
"193",192,11825272,5,-79.885071,40.443966
"194",193,17956022,7,-80.002548,40.443848
"195",194,19695892,5,-79.998634,40.442822
"196",195,20158732,5,-79.997467,40.438339
"197",196,18838672,5,-80.177849,40.446178
"198",197,2539771,5,-79.93341,40.45142
"199",198,4708992,5,-79.90229,40.446594
"200",199,24095341,5,-80.085869,40.406841
"201",200,19515162,0,-79.972046,40.478786
"202",201,10657782,5,-79.960457,40.470444
"203",202,1059488,5,-79.842896,40.515626
"204",203,23909084,5,-79.76342,40.420403
"205",204,763021,7,-80.002187,40.442724
"206",205,24103460,5,-79.949867,40.503819
"207",206,879741,3,-79.943053,40.450916
"208",207,12533622,5,-79.94301,40.441658
"209",208,24068648,5,-79.923996,40.436008
"210",209,23676949,0,-80.079445,40.583988
"211",210,12733572,0,-79.972717,40.480885
"212",211,24154310,0,-79.97438,40.48122
"213",212,17499532,5,-79.985107,40.451435
"214",213,10279342,5,-79.995888,40.440624
"215",214,308361,5,-79.932852,40.451375
"216",215,23585477,5,-79.923988,40.461502
"217",216,14167812,5,-79.920715,40.452885
"218",217,833058,0,-79.966716,40.425941
"219",218,17499542,5,-79.985107,40.451435
"220",219,24013737,5,-79.957314,40.555496
"221",220,23917876,5,-79.978386,40.385338
"222",221,24184871,5,-80.030434,40.404484
"223",222,23771672,5,-79.879341,40.487827
"224",223,24158661,0,-80.023041,40.329342
"225",224,6532322,5,-79.96476,40.466358
"226",225,23596545,5,-80.103767,40.292664
"227",226,23883769,5,-79.942993,40.45068
"228",227,1154790,5,-79.938581,40.455928
"229",228,23586831,5,-80.04072,40.40349
"230",229,23670776,5,-80.033928,40.372467
"231",230,22446562,1,-80.033188,40.404533
"232",231,14838612,5,-80.000076,40.442169
"233",232,24131243,5,-79.724854,40.58952
"234",233,17841722,5,-79.922653,40.438213
"235",234,20785082,5,-79.921867,40.438061
"236",235,24071135,5,-79.759773,40.601456
"237",236,23662715,5,-79.941826,40.425671
"238",237,23825584,5,-79.979095,40.686523
"239",238,23625436,5,-80.09689,40.67315
"240",239,24153444,5,-79.914986,40.353367
"241",240,23935278,5,0,0
"242",241,24147961,5,-79.94229,40.46396
"243",242,23771661,5,0,0
"244",243,23698667,0,-79.895859,40.409176
"245",244,15182542,5,-79.883049,40.488579
"246",245,24103445,5,-80.097916,40.719913
"247",246,1383936,5,-80.224573,40.509119
"248",247,24070496,5,-80.207542,40.505455
"249",248,1095802,0,-79.995861,40.305406
"250",249,706800,5,-80.164513,40.685226
"251",250,1246313,5,-79.917442,40.450623
"252",251,6634392,5,-80.008224,40.606716
"253",252,17606382,0,-80.045219,40.377373
"254",253,24090568,5,-80.082214,40.65469
"255",254,14192352,5,-79.901299,40.448486
"256",255,283798,5,-79.96153,40.469307
"257",256,998130,5,-79.901321,40.48931
"258",257,686157,5,-79.710684,40.332601
"259",258,24073177,5,-79.691055,40.32016
"260",259,23849762,5,-79.914917,40.410522
"261",260,674810,5,-79.94622,40.44937
"262",261,10137112,5,-79.995888,40.440624
"263",262,24133755,5,-80.055328,40.496159
"264",263,1570751,0,-80.049942,40.421661
"265",264,1043879,0,-79.95767,40.47459
"266",265,14588162,5,-79.878464,40.407497
"267",266,674855,0,-80.05061,40.42152
"268",267,3113461,5,-80.127556,40.271793
"269",268,23918422,5,0,0
"270",269,23935061,5,0,0
"271",270,1238543,5,-79.954377,40.442048
"272",271,23647886,5,-79.978737,40.428658
"273",272,16905892,7,-80.002068,40.442333
"274",273,1575754,5,-79.992439,40.439758
"275",274,1134091,0,-79.965233,40.427914
"276",275,8387302,0,-80.050346,40.357605
"277",276,14757012,5,-80.110054,40.356182
"278",277,22627552,5,-79.9636,40.526718
"279",278,1099760,1,-79.995625,40.349767
"280",279,24048748,6,-80.004074,40.447712
"281",280,8773432,0,-80.050346,40.357605
"282",281,19225842,5,-80.094536,40.382366
"283",282,1324446,5,-80.04688,40.39378
"284",283,24145935,5,-79.788208,40.540985
"285",284,3742912,5,-79.976605,40.424941
"286",285,1344683,5,-79.917404,40.432976
"287",286,10091662,0,-79.926399,40.460884
"288",287,10681362,5,-80.092499,40.615013
"289",288,24071905,5,-80.063583,40.635849
"290",289,10910102,5,-79.970299,40.434158
"291",290,13720702,5,-80.074104,40.335747
"292",291,4915282,5,-80.074348,40.335861
"293",292,24061896,5,-79.911377,40.479172
"294",293,23485143,5,-79.936012,40.495636
"295",294,1362732,5,-79.922821,40.437069
"296",295,1219097,5,-80.171205,40.298311
"297",296,24037901,0,-79.969261,40.426594
"298",297,19939642,5,-79.923996,40.46228
"299",298,24013247,5,-79.923996,40.46228
"300",299,19617192,0,-79.915718,40.456963
"301",300,706466,5,-79.942892,40.444579
"302",301,24151238,5,-79.93536,40.45082
"303",302,12407112,0,-79.99408,40.421764
"304",303,24021701,6,-79.996384,40.44157
"305",304,24106427,5,-79.995888,40.440624
"306",305,487882,5,-80.13265,40.263077
"307",306,795889,5,-80.031599,40.409787
"308",307,6195892,5,-79.960884,40.46759
"309",308,24042969,5,0,0
"310",309,1368063,5,-79.87956,40.525473
"311",310,313464,5,-79.96139,40.46793
"312",311,1396263,0,-79.975934,40.451418
"313",312,729514,6,-80.007393,40.451449
"314",313,2211961,5,-79.778069,40.442753
"315",314,1035990,5,-79.982594,40.429036
"316",315,1120340,0,-79.909891,40.457782
"317",316,23488720,5,-79.979332,40.428696
"318",317,18344942,5,-79.982552,40.428871
"319",318,3865112,5,-80.007423,40.51635
"320",319,1423688,5,-80.220627,40.513222
"321",320,1558061,5,-80.177643,40.543304
"322",321,981790,0,-80.045384,40.377195
"323",322,17012432,6,-79.99752,40.44175
"324",323,16440832,5,-80.035957,40.394169
"325",324,674831,6,-80.002678,40.448498
"326",325,24032123,5,-80.327858,40.543999
"327",326,952689,5,-79.752569,40.430062
"328",327,9023432,6,-80.03286,40.456837
"329",328,24102403,1,-80.039612,40.367741
"330",329,3789242,4,-80.000793,40.451824
"331",330,293803,5,-79.90286,40.446342
"332",331,23249832,5,-79.986038,40.428734
"333",332,986923,5,-80.014664,40.484368
"334",333,376852,0,-80.045403,40.591145
"335",334,18632532,5,-79.922905,40.435703
"336",335,1102185,3,-79.950626,40.443628
"337",336,24186324,0,-79.925591,40.461006
"338",337,24137944,0,-79.943367,40.447903
"339",338,24167149,0,-79.953171,40.444256
"340",339,12909212,5,-79.922806,40.434963
"341",340,24009567,5,-79.997467,40.438339
"342",341,295623,3,-79.95211,40.443535
"343",342,1017057,0,-79.928058,40.569818
"344",343,1080982,0,-80.03451,40.388942
"345",344,24094014,3,-79.952126,40.443531
"346",345,808122,5,-80.049419,40.369177
"347",346,14797382,6,-80.006416,40.452835
"348",347,15469772,5,-80.110542,40.336761
"349",348,3814592,5,-79.918976,40.407063
"350",349,4454242,0,-79.95536,40.444065
"351",350,23538792,5,-79.984566,40.429134
"352",351,23961730,5,-79.920738,40.452892
"353",352,1114957,4,-80.000799,40.451826
"354",353,20911842,4,-80.001274,40.454563
"355",354,23499698,5,-79.903923,40.44762
"356",355,23786211,5,0,0
"357",356,977544,2,-79.949267,40.444139
"358",357,23988024,4,-80.057388,40.465542
"359",358,23874665,2,-79.963982,40.428028
"360",359,23683436,2,-79.953972,40.440609
"361",360,5602632,0,-79.955009,40.443687
"362",361,21116272,5,0,0
"363",362,708815,0,-80.007857,40.290488
"364",363,21653462,0,-80.006615,40.456394
"365",364,24025425,0,-80.019531,40.393013
"366",365,23892914,5,-80.110611,40.336674
"367",366,872309,3,-79.959839,40.444595
"368",367,23752680,2,-79.948845,40.443424
"369",368,15309262,5,-79.962784,40.466797
"370",369,23834479,5,0,0
"371",370,945930,5,-79.802686,40.175531
"372",371,24066471,5,-79.915222,40.430298
"373",372,24077791,5,-79.920715,40.452885
"374",373,5581882,3,-79.959839,40.444595
"375",374,24152495,0,-79.953171,40.444256
"376",375,23624929,5,-79.922905,40.435703
"377",376,995195,0,-80.02137,40.394427
"378",377,6759402,5,-80.095688,40.373882
"379",378,1929781,5,-79.963943,40.465851
"380",379,24051015,5,-80.216537,40.72319
"381",380,1060183,7,-79.985589,40.450736
"382",381,13934212,5,-80.161545,40.434818
"383",382,24059211,6,-79.997383,40.441776
"384",383,1006725,5,-79.947199,40.440169
"385",384,24067670,2,-79.953972,40.440609
"386",385,12595442,5,-79.909081,40.43597
"387",386,12289292,0,-79.942072,40.444466
"388",387,18691112,5,-79.941872,40.44112
"389",388,23611170,5,-79.941994,40.440399
"390",389,23524084,3,-79.952049,40.434238
"391",390,18710302,2,-79.953972,40.440609
"392",391,4816402,0,-80.034645,40.571003
"393",392,20841982,0,-79.958817,40.47279
"394",393,1630673,0,-79.623558,40.353489
"395",394,723199,5,-79.915873,40.478916
"396",395,6725102,6,-80.005669,40.446945
"397",396,15534812,5,-80.062973,40.394016
"398",397,3035311,0,-79.980798,40.426523
"399",398,24035056,5,-79.951347,40.445282
"400",399,23997447,1,-80.017593,40.365307
"401",400,24206245,5,-79.706917,40.330219
"402",401,5107642,3,-79.950623,40.443626
"403",402,24077814,5,-79.994881,40.322826
"404",403,23583711,5,-79.943771,40.465092
"405",404,23981318,5,0,0
"406",405,24052605,0,-79.953972,40.440609
"407",406,858565,6,-80.003711,40.432542
"408",407,23813675,6,-79.997383,40.441776
"409",408,5351532,5,-79.694313,40.425285
"410",409,810447,6,-80.00739,40.430716
"411",410,8062982,5,-80.010818,40.445938
"412",411,24106050,5,-79.92263,40.438454
"413",412,24132999,6,-80.011574,40.42767
"414",413,12034602,5,-79.941574,40.443504
"415",414,931277,5,-79.951683,40.445962
"416",415,24198197,7,-80.002167,40.442722
"417",416,24216603,4,-79.976349,40.455307
"418",417,854288,5,-79.926278,40.471529
"419",418,24076333,5,-79.858467,40.419937
"420",419,674813,7,-79.9929,40.44648
"421",420,20190062,5,-80.047058,40.418758
"422",421,24181034,0,-79.954842,40.444298
"423",422,23605057,5,-80.160919,40.27462
"424",423,674857,4,-79.98126,40.452984
"425",424,24194981,0,-80.055679,40.61726
"426",425,9519742,0,-80.008881,40.452343
"427",426,21659022,3,-79.950516,40.444019
"428",427,949143,5,-80.052842,40.633237
"429",428,24012359,0,-79.995415,40.302334
"430",429,5431112,3,-79.959,40.444141
"431",430,22996552,5,-79.925491,40.458763
"432",431,23690449,0,-79.972046,40.478786
"433",432,18616592,5,-79.978737,40.438244
"434",433,556179,5,-79.98416,40.42882
"435",434,24220517,2,-79.949913,40.443195
"436",435,738722,4,-80.011029,40.436614
"437",436,833132,7,-80.012404,40.456794
"438",437,6195992,4,-80.021034,40.447826
"439",438,20715682,7,-80.011147,40.457176
"440",439,7435612,5,-79.95475,40.465668
"441",440,24216613,6,-80.030602,40.455532
"442",441,11089472,5,-80.006271,40.516071
"443",442,24135283,7,-79.993401,40.447525
"444",443,5251472,6,-79.995941,40.445377
"445",444,24003869,6,-80.006554,40.45224
"446",445,8458692,0,-80.066444,40.421051
"447",446,18288442,2,-79.953972,40.440609
"448",447,23732286,0,-79.942047,40.444118
"449",448,17316662,4,-80.017593,40.446014
"450",449,21508182,4,-80.021797,40.536888
"451",450,24051060,5,-79.915154,40.456512
"452",451,4384222,0,-79.925354,40.460972
"453",452,1901291,7,-80.003006,40.440025
"454",453,1212461,5,-79.956902,40.444099
"455",454,24137979,1,-79.827484,40.310974
"456",455,24035049,5,-79.952789,40.447842
"457",456,23834334,0,-79.905731,40.565067
"458",457,1540813,0,-80.020142,40.393463
"459",458,23968613,5,0,0
"460",459,9086712,5,-79.915207,40.430264
"461",460,24209316,5,-80.045021,40.417686
"462",461,24187822,0,-79.953171,40.444256
"463",462,23587569,2,-79.953972,40.440609
"464",463,23815072,1,-79.909576,40.358185
"465",464,23583880,1,-79.815643,40.345718
"466",465,23765536,5,0,0
"467",466,8438002,5,-80.02826,40.61394
"468",467,10872092,5,-79.538925,40.301456
"469",468,23752694,2,-79.948845,40.443424
"470",469,5159022,2,-79.945038,40.444664
"471",470,24095211,5,-80.01492,40.60237
"472",471,24065051,2,-79.953972,40.440609
"473",472,23972671,0,-80.01491,40.60234
"474",473,24095286,5,-79.918137,40.408905
"475",474,965994,5,-79.920021,40.483208
"476",475,6466802,0,-79.972321,40.485489
"477",476,23603543,1,-80.033188,40.404533
"478",477,24057042,5,0,0
"479",478,1321213,5,-80.006732,40.608727
"480",479,5184822,4,-80.000999,40.454327
"481",480,20785402,5,-79.985237,40.429359
"482",481,18206022,3,-79.943138,40.451195
"483",482,24110221,7,-80.00248,40.441196
"484",483,1435867,0,-79.961687,40.472509
"485",484,9877242,0,-80.021362,40.394524
"486",485,24173444,1,-80.02774,40.407024
"487",486,684981,2,-79.949267,40.444139
"488",487,24065228,2,-79.944336,40.459099
"489",488,23974939,5,-79.926414,40.460835
"490",489,9846542,3,-79.959839,40.444595
"491",490,6394202,5,-79.995888,40.440624
"492",491,23718869,2,-79.956894,40.444096
"493",492,24040705,4,-79.99762,40.456715
"494",493,24187818,0,-79.953171,40.444256
"495",494,19960802,0,-80.040382,40.377621
"496",495,23961905,0,-79.909836,40.406574
"497",496,24071693,5,-79.891792,40.48703
"498",497,18508412,2,-79.953972,40.440609
"499",498,24028053,6,-80.030357,40.476238
"500",499,13446692,0,-79.943314,40.44796
"501",500,18975172,0,-80.110771,40.68462
"502",501,881726,5,-79.918668,40.407738
"503",502,23946691,5,-80.016182,40.452099
"504",503,23954718,5,-79.755966,40.429394
"505",504,23967017,4,-79.964394,40.46244
"506",505,23985730,5,-79.949791,40.434441
"507",506,19946762,5,-79.924995,40.460056
"508",507,12458192,5,-79.922806,40.434963
"509",508,16657262,5,-79.923012,40.434193
"510",509,1261943,5,-79.922972,40.437581
"511",510,24009426,5,-79.934036,40.451477
"512",511,1063928,5,-79.940277,40.426213
"513",512,359436,5,-80.002556,40.440346
"514",513,19592112,5,-80.18721,40.54636
"515",514,19772992,5,-80.11705,40.45023
"516",515,997536,5,-79.971167,40.473103
"517",516,1038240,5,-79.937332,40.456172
"518",517,10964302,4,-80.001251,40.454563
"519",518,698205,5,-79.949265,40.444138
"520",519,793132,1,-80.001712,40.379138
"521",520,14057742,6,-80.003983,40.44796
"522",521,7105872,5,-79.882477,40.376675
"523",522,4452202,5,-79.947487,40.439091
"524",523,24215580,5,-80.323013,40.687176
"525",524,24053220,5,-79.993423,40.459293
"526",525,10685832,0,-80.110649,40.684097
"527",526,7557902,5,-80.103912,40.713955
"528",527,23614232,5,-80.01411,40.34528
"529",528,8526282,6,-80.005005,40.433884
"530",529,15833482,6,-80.05249,40.428593
"531",530,24143888,5,-79.924911,40.460789
"532",531,1703991,5,-79.866249,40.387749
"533",532,18634442,5,-79.986404,40.428963
"534",533,23538896,5,-79.95134,40.4454
"535",534,23994157,5,-79.888931,40.486702
"536",535,13214112,0,-79.99408,40.421764
"537",536,1003830,5,-79.877235,40.486952
"538",537,1286898,5,-79.797353,40.168537
"539",538,18940752,5,-79.947533,40.461189
"540",539,16873602,4,-80.018097,40.445675
"541",540,24031310,0,-80.033798,40.441303
"542",541,20434812,5,-79.789192,40.433418
"543",542,23989632,5,-80.050629,40.632927
"544",543,24072615,5,-80.056427,40.687416
"545",544,18064542,1,-80.020859,40.447392
"546",545,1156895,5,-79.908868,40.436302
"547",546,1139555,4,-79.996664,40.443377
"548",547,24092916,0,-80.026253,40.389313
"549",548,718429,5,-79.860798,40.494005
"550",549,882044,5,-79.922536,40.438137
"551",550,19383442,4,-79.999733,40.455265
"552",551,3293682,6,-80.005051,40.433773
"553",552,1565820,0,-79.953394,40.4261
"554",553,1547551,5,-79.933609,40.453491
"555",554,2265061,5,-79.977776,40.432045
"556",555,24022132,5,-80.003815,40.433418
"557",556,1685281,5,-80.018265,40.455486
"558",557,11287412,5,-79.972458,40.428406
"559",558,14677392,5,-80.118187,40.318474
"560",559,23992513,5,-80.036407,40.393459
"561",560,24105991,5,-79.86805,40.518475
"562",561,10105052,5,-79.94426,40.60347
"563",562,17154352,5,-79.922546,40.438122
"564",563,23866835,5,-79.843361,40.505508
"565",564,12153052,5,-79.922661,40.438526
"566",565,23560271,1,-79.982224,40.365257
"567",566,3343672,5,-79.663353,40.422981
"568",567,3128631,6,-80.011368,40.432426
"569",568,24064407,7,-80.002586,40.443668
"570",569,874396,5,-79.931259,40.455925
"571",570,3780152,5,-79.982803,40.429001
"572",571,20537552,5,-79.982162,40.45359
"573",572,6014232,5,-79.945808,40.449139
"574",573,24110127,5,-79.700874,40.427315
"575",574,1318251,5,-79.763651,40.504942
"576",575,19523112,5,-79.677574,40.60037
"577",576,377249,5,-79.70598,40.428116
"578",577,23977888,6,-80.010666,40.426743
"579",578,5881012,5,-80.21978,40.451031
"580",579,4230082,5,-79.790154,40.432671
"581",580,13127742,5,-80.40253,40.502163
"582",581,8061402,5,-80.299126,40.710629
"583",582,24178750,5,-80.296135,40.696785
"584",583,11030052,5,-80.42531,40.503017
"585",584,5473912,5,-80.181492,40.538679
"586",585,10168912,0,-80.045264,40.377009
"587",586,5137982,5,-79.879773,40.513402
"588",587,12238522,5,-80.132675,40.267925
"589",588,8602502,5,-80.050346,40.357605
"590",589,23813042,5,-80.133003,40.269016
"591",590,1279190,0,-80.107028,40.366028
"592",591,16280402,5,-80.202484,40.220531
"593",592,23680042,5,-80.05043,40.356956
"594",593,1104022,0,-80.029228,40.331112
"595",594,7999232,5,-79.854491,40.427481
"596",595,2570651,5,-79.847076,40.446053
"597",596,1005490,5,-80.107038,40.711842
"598",597,24152647,5,-80.078514,40.339947
"599",598,23471156,5,-80.057274,40.374264
"600",599,1787541,0,-80.015526,40.403713
"601",600,216309,5,-79.92202,40.42939
"602",601,23628270,0,-79.979485,40.455452
"603",602,23810448,5,-79.910736,40.475098
"604",603,987285,5,-79.921325,40.437857
"605",604,7249992,0,-79.916824,40.457195
"606",605,10633072,5,-79.92305,40.437515
"607",606,23562219,1,-80.014275,40.352734
"608",607,10573372,5,-79.995888,40.440624
"609",608,6783622,5,-79.755844,40.425426
"610",609,20661892,5,-80.00944,40.542656
"611",610,10077362,0,-80.00666,40.588665
"612",611,15991352,5,-80.01789,40.448063
"613",612,24179271,0,-79.996948,40.597492
"614",613,14648632,0,-79.92728,40.570587
"615",614,12822202,5,-79.97268,40.471233
"616",615,1419284,5,-79.983063,40.428852
"617",616,3668172,5,-79.98274,40.452087
"618",617,21814002,5,-79.915108,40.456543
"619",618,21861202,5,-79.997467,40.438339
"620",619,6682462,5,-80.208757,40.250741
"621",620,734936,5,-80.019478,40.48073
"622",621,7282662,5,-79.755844,40.425426
"623",622,24093935,1,-80.014656,40.354115
"624",623,24030089,5,-79.950638,40.462788
"625",624,10794842,5,-79.799576,40.570499
"626",625,1478030,5,-80.106137,40.683956
"627",626,24031921,5,-79.923035,40.433144
"628",627,24064024,5,-79.962624,40.436722
"629",628,730778,5,-79.991354,40.456737
"630",629,23698306,5,-80.087639,40.37714
"631",630,946879,5,-79.827838,40.446745
"632",631,758454,5,-79.922964,40.437173
"633",632,1371207,5,-79.7965,40.573616
"634",633,24176933,5,-79.798615,40.570087
"635",634,10380362,5,-79.984444,40.450714
"636",635,5446872,5,-79.920517,40.483517
"637",636,11333962,5,-79.984444,40.451702
"638",637,6743682,5,-79.953224,40.442894
"639",638,8990902,5,-79.970299,40.434158
"640",639,8110922,6,-80.003136,40.448093
"641",640,13426032,5,-79.921173,40.439598
"642",641,1043807,5,-79.923204,40.433531
"643",642,9870632,5,-79.941574,40.441753
"644",643,21675962,5,-80.123016,40.446457
"645",644,8708152,6,-80.003136,40.448093
"646",645,19548532,5,-79.733032,40.3297
"647",646,24110688,5,-80.301956,40.692268
"648",647,8986742,5,-80.12561,40.328297
"649",648,23727288,5,-80.033188,40.404533
"650",649,24011787,0,-80.114914,40.353077
"651",650,24030662,6,-80.009666,40.430691
"652",651,11918682,5,-79.772186,40.543003
"653",652,743063,5,-79.964433,40.462031
"654",653,1385707,0,-80.033824,40.441315
"655",654,9664422,5,-79.92318,40.432911
"656",655,8695512,5,-80.050583,40.633961
"657",656,24122800,5,-79.971947,40.565361
"658",657,16800842,5,-79.792244,40.347141
"659",658,21072182,5,0,0
"660",659,967422,5,-79.818502,40.381905
"661",660,1554285,5,-79.958138,40.44442
"662",661,7693062,5,-79.794983,40.154251
"663",662,813884,1,-80.015935,40.384331
"664",663,1298604,5,-80.030284,40.517697
"665",664,21312402,0,-80.045219,40.377373
"666",665,22944652,0,-79.909813,40.407272
"667",666,19036582,5,-80.017258,40.428551
"668",667,24005295,0,-80.048317,40.365284
"669",668,24131592,5,-79.763924,40.414619
"670",669,710425,5,-79.983083,40.428711
"671",670,23973281,0,-79.956619,40.478809
"672",671,19821872,5,-79.994057,40.44138
"673",672,22404122,5,-79.926735,40.460442
"674",673,9480822,5,-80.163345,40.4492
"675",674,17499502,5,-79.985107,40.451435
"676",675,24173562,5,-79.946205,40.431831
"677",676,3915832,5,-79.993324,40.510326
"678",677,5558282,5,-79.984444,40.450714
"679",678,3526612,4,-79.999817,40.455166
"680",679,22493332,0,-79.976982,40.498138
"681",680,16422752,5,-80.094559,40.382366
"682",681,23850121,5,-79.601257,40.416584
"683",682,5092312,0,-80.107658,40.553963
"684",683,24060473,5,-80.174637,40.422901
"685",684,23699006,0,-80.096405,40.54076
"686",685,23834440,5,0,0
"687",686,23823751,5,-80.317322,40.697281
"688",687,23930415,5,-80.00731,40.604774
"689",688,1126022,5,-79.87302,40.43785
"690",689,18212122,5,-80.085976,40.407932
"691",690,24063814,5,-80.01865,40.392372
"692",691,18585502,5,0,0
"693",692,15849842,5,-79.822182,40.463753
"694",693,1270951,5,-80.157709,40.454458
"695",694,16805932,5,-80.105179,40.690861
"696",695,1553485,6,-80.00345,40.452234
"697",696,22862182,0,-79.915764,40.456928
"698",697,24104204,5,-80.094025,40.617184
"699",698,1486131,5,-79.544876,40.305862
"700",699,12886872,5,-79.651054,40.357426
"701",700,420074,5,-79.668866,40.422007
"702",701,23930204,5,0,0
"703",702,14719302,7,-79.992393,40.447727
"704",703,8383092,5,-79.946861,40.438229
"705",704,16071262,5,-79.953354,40.434307
"706",705,13180942,5,-79.960396,40.437542
"707",706,23714193,5,-79.694237,40.428642
"708",707,13267712,0,-79.995827,40.305035
"709",708,22252282,5,-79.923729,40.463379
"710",709,24175456,0,-79.994102,40.421631
"711",710,24008943,0,-79.966484,40.428139
"712",711,24086891,5,-79.966164,40.464569
"713",712,1616391,5,-79.769241,40.397785
"714",713,16815882,5,-79.820549,40.5462
"715",714,715722,5,-79.933078,40.494775
"716",715,13375122,5,-79.925606,40.459621
"717",716,23946214,5,-80.073578,40.37471
"718",717,24029281,5,-79.938301,40.4561
"719",718,13391152,5,-79.949791,40.434441
"720",719,16710822,5,-79.923264,40.43586
"721",720,24063400,5,-79.95067,40.447826
"722",721,23980769,5,-79.94198,40.43277
"723",722,8474052,5,-79.866821,40.442959
"724",723,1525133,5,-80.01136,40.445915
"725",724,19520582,5,-79.952347,40.447372
"726",725,24086688,6,-80.003136,40.448093
"727",726,24115582,5,-79.943947,40.464886
"728",727,15717312,5,-79.920235,40.437939
"729",728,24028070,5,-79.827446,40.310436
"730",729,14482852,5,-79.920235,40.437939
"731",730,20727282,0,-79.905777,40.565037
"732",731,765794,0,-79.926158,40.461067
"733",732,23047182,0,-79.915756,40.45705
"734",733,16092122,5,-79.886032,40.485355
"735",734,23715707,5,-79.84634,40.51794
"736",735,23279162,5,-79.935402,40.458191
"737",736,23726186,5,-79.922836,40.435524
"738",737,24085367,5,-79.916138,40.438007
"739",738,1403760,6,-80.03247,40.457307
"740",739,15280752,5,-79.958191,40.43631
"741",740,2962941,5,-79.94738,40.439167
"742",741,23570158,5,-80.178238,40.446812
"743",742,13777322,4,-79.966461,40.456776
"744",743,5685902,0,-80.050125,40.421078
"745",744,10850102,5,-80.049744,40.388588
"746",745,4347322,1,-80.015648,40.384632
"747",746,18440092,5,-80.085823,40.406994
"748",747,10221962,0,-80.045265,40.37701
"749",748,12484142,5,-79.922546,40.438122
"750",749,23791252,5,-79.863716,40.423279
"751",750,23672637,5,0,0
"752",751,23592893,5,-79.94915,40.445522
"753",752,24053369,0,-79.978348,40.448189
"754",753,23859888,5,-80.099838,40.67572
"755",754,24101137,5,-80.136,40.684155
"756",755,8402532,5,-79.79837,40.570858
"757",756,23776162,5,-79.922989,40.438274
"758",757,16974432,5,-80.055344,40.419453
"759",758,17049542,5,-80.105698,40.692699
"760",759,20092502,5,-79.778358,40.541355
"761",760,985429,0,-80.143122,40.528487
"762",761,24143533,5,-79.978096,40.428326
"763",762,15176822,5,-79.931236,40.456402
"764",763,24045667,5,-79.938965,40.464603
"765",764,24113373,4,-80.013557,40.445286
"766",765,23725524,5,-79.966797,40.425774
"767",766,24004962,5,0,0
"768",767,23573374,5,-79.957092,40.441185
"769",768,24184061,5,-80.158226,40.593826
"770",769,18067952,5,0,0
"771",770,445926,5,-79.99313,40.510593
"772",771,3188191,5,-79.803024,40.273411
"773",772,604556,5,-79.964493,40.424572
"774",773,18043902,5,-80.150963,40.256481
"775",774,20983392,5,-80.221909,40.502056
"776",775,23682801,5,-80.09745,40.30378
"777",776,23747047,5,0,0
"778",777,15576512,5,-79.87912,40.514935
"779",778,23940269,5,-79.67942,40.426567
"780",779,19507552,5,-79.914215,40.410877
"781",780,24142718,5,-80.180611,40.448524
"782",781,737341,5,-79.844237,40.534455
"783",782,18684512,5,-79.997711,40.440193
"784",783,23115352,5,-79.926735,40.460442
"785",784,20791592,0,-79.915756,40.45705
"786",785,24099388,5,-80.093971,40.618092
"787",786,18765232,5,-79.996834,40.430218
"788",787,23879781,5,-79.997467,40.438339
"789",788,19036712,5,-79.958084,40.436432
"790",789,24148171,5,-80.271156,40.687164
"791",790,23548667,5,0,0
"792",791,1259672,5,-80.131401,40.395653
"793",792,1371305,5,-80.187739,40.458123
"794",793,24040789,5,-80.243172,40.644005
"795",794,24076709,5,-79.924599,40.458836
"796",795,24064042,6,-80.005135,40.4338
"797",796,23583596,5,-79.998177,40.444901
"798",797,23920977,5,-79.9814,40.437489
"799",798,24130075,5,-80.018646,40.392372
"800",799,23477578,0,-79.92588,40.460598
"801",800,23668599,5,-79.9814,40.437489
"802",801,14563582,7,-79.992393,40.447727
"803",802,24175524,0,-79.916458,40.45713
"804",803,23585852,5,-79.922913,40.437744
"805",804,24020323,5,-79.924011,40.4632
"806",805,24178588,0,-79.994102,40.421631
"807",806,24142553,5,-80.098335,40.659328
"808",807,13063412,5,-79.71302,40.447395
"809",808,19365122,5,-79.917595,40.458889
"810",809,24024618,0,-79.974312,40.480503
"811",810,23551230,0,-79.960182,40.470879
"812",811,12251082,5,-80.003494,40.453106
"813",812,1684381,5,-79.914375,40.411304
"814",813,2512221,6,-80.005089,40.433796
"815",814,3813472,5,-79.939697,40.441898
"816",815,24060864,5,-79.964912,40.428665
"817",816,1051762,5,-79.922977,40.433716
"818",817,19023012,5,-79.881561,40.44268
"819",818,688927,5,-79.984238,40.450736
"820",819,6534082,5,-79.89447,40.609432
"821",820,17808052,5,-79.925156,40.457733
"822",821,23028852,5,-79.952599,40.444649
"823",822,9733902,5,-79.933571,40.45129
"824",823,15264082,5,-79.942162,40.43198
"825",824,23964852,4,-80.001251,40.454563
"826",825,24124887,5,-79.932846,40.451576
"827",826,23831383,5,-79.962051,40.441551
"828",827,23727242,5,-79.963943,40.465851
"829",828,16628452,5,-80.005898,40.605122
"830",829,22685752,5,-80.090485,40.613869
"831",830,23132172,5,-79.941551,40.441628
"832",831,21497382,5,-79.90132,40.424454
"833",832,23845040,5,-79.950127,40.444675
"834",833,24046972,7,-79.993027,40.452621
"835",834,10191762,5,-79.922531,40.438118
"836",835,6673642,5,-79.955551,40.443932
"837",836,22331022,5,-79.891792,40.487
"838",837,23805052,0,-80.033859,40.571995
"839",838,12703662,5,-80.15062,40.442078
"840",839,838852,5,-80.173676,40.449253
"841",840,725985,5,-80.090848,40.414105
"842",841,3170301,5,-79.93399,40.45108
"843",842,3811682,5,-79.923019,40.434151
"844",843,11282242,5,-79.920532,40.483517
"845",844,20293032,6,-80.007401,40.434921
"846",845,5251462,5,-79.996216,40.445057
"847",846,23979943,5,0,0
"848",847,24029491,7,-79.99366,40.452461
"849",848,24038739,5,-79.971336,40.428242
"850",849,23869891,5,-79.948814,40.59502
"851",850,23571659,5,-79.989403,40.563572
"852",851,15268032,0,-80.016374,40.57202
"853",852,23571645,5,-79.964287,40.52829
"854",853,24108125,5,-79.691055,40.32016
"855",854,24126127,5,-79.674431,40.426163
"856",855,23794982,5,-79.544754,40.303875
"857",856,24004423,5,-79.543488,40.302612
"858",857,23558994,5,-79.576874,40.305054
"859",858,24153637,5,-79.544891,40.303452
"860",859,23904208,5,0,0
"861",860,12366372,5,-79.54493,40.306046
"862",861,23939260,5,-79.690033,40.319733
"863",862,18864182,5,-79.89257,40.48912
"864",863,23816800,0,-80.021233,40.394665
"865",864,23886672,6,-80.004066,40.433167
"866",865,23953443,0,-80.053299,40.34198
"867",866,23918732,1,-80.013763,40.366123
"868",867,24098385,5,-80.059036,40.632847
"869",868,24036008,5,0,0
"870",869,6769182,7,-79.987617,40.449604
"871",870,10350782,5,-79.982414,40.428684
"872",871,23995006,5,-80.037315,40.37833
"873",872,18711172,5,-79.918564,40.407581
"874",873,24073797,5,-80.150002,40.27
"875",874,24121398,5,-80.111488,40.348499
"876",875,24151469,0,-80.02243,40.395237
"877",876,23996667,0,-80.015862,40.398571
"878",877,23697967,5,-80.023544,40.33268
"879",878,987649,5,-79.870812,40.393505
"880",879,24195429,5,-79.973587,40.34586
"881",880,23810132,5,-80.05072,40.351707
"882",881,23935791,1,-80.043083,40.396965
"883",882,992314,5,-80.011673,40.445869
"884",883,23849046,1,-80.076805,40.336601
"885",884,23888770,5,-80.111885,40.335289
"886",885,23819914,0,-80.001671,40.30933
"887",886,296303,5,-80.05629,40.375282
"888",887,951390,1,-80.019729,40.362014
"889",888,23491338,0,-80.048958,40.365093
"890",889,23750491,5,-80.056671,40.4039
"891",890,4029452,5,-80.056847,40.343731
"892",891,680153,5,-80.031073,40.332137
"893",892,674850,5,-80.04676,40.418262
"894",893,770074,0,-80.147957,40.546413
"895",894,16818692,5,-80.05175,40.349045
"896",895,1196181,5,-79.858582,40.240657
"897",896,24190441,1,-80.02253,40.366272
"898",897,24113189,0,-80.113159,40.357193
"899",898,294173,0,-80.062147,40.278449
"900",899,15695682,0,-80.044815,40.379456
"901",900,23992378,5,-79.92543,40.451168
"902",901,948333,5,-79.923445,40.447242
"903",902,23580435,5,-79.997467,40.438339
"904",903,24101336,5,-80.184425,40.536484
"905",904,1483262,5,-79.710724,40.332508
"906",905,14944652,5,-80.175659,40.450558
"907",906,6046812,5,-79.943054,40.44313
"908",907,882028,5,-79.959229,40.467636
"909",908,24028206,0,-79.926414,40.460835
"910",909,23828949,0,-80.021423,40.394398
"911",910,23509903,5,-79.944786,40.465469
"912",911,24137872,0,-79.873413,40.488895
"913",912,24105281,5,-79.932785,40.470978
"914",913,17358422,5,0,0
"915",914,24146853,5,-80.051003,40.493622
"916",915,23953556,5,-79.998611,40.442883
"917",916,24013406,5,-79.925186,40.438061
"918",917,24072727,1,-79.977417,40.383015
"919",918,23549156,1,-79.967606,40.377327
"920",919,23608220,5,-79.923538,40.462173
"921",920,2740061,5,-79.929787,40.39653
"922",921,23816587,5,-80.03508,40.396019
"923",922,23639625,5,-79.961594,40.469284
"924",923,1448819,4,-80.01327,40.44542
"925",924,23583639,7,-80.002007,40.441521
"926",925,9522382,6,-79.997261,40.444038
"927",926,1340242,5,-80.137285,40.451304
"928",927,7656232,5,-80.146538,40.438984
"929",928,687679,5,-79.920074,40.487856
"930",929,19012202,5,-79.919579,40.406658
"931",930,322450,5,-79.965805,40.42825
"932",931,23966026,5,-79.929741,40.459152
"933",932,18340672,0,-80.106682,40.366787
"934",933,1161896,5,-80.110056,40.356181
"935",934,22264822,5,-80.006821,40.335602
"936",935,870565,5,-80.060246,40.349517
"937",936,736900,4,-80.013533,40.445308
"938",937,23607152,5,-80.036758,40.376186
"939",938,23787541,5,-79.892113,40.438137
"940",939,23595691,5,0,0
"941",940,24064072,6,-80.005135,40.4338
"942",941,23605356,5,-79.950127,40.46257
"943",942,18270062,5,-79.893822,40.432533
"944",943,18710832,5,-79.97449,40.43158
"945",944,24173715,0,-80.12388,40.367783
"946",945,23626281,5,0,0
"947",946,24127875,5,-80.110336,40.334785
"948",947,18715002,5,-79.980644,40.431194
"949",948,23633677,5,-80.088402,40.673447
"950",949,24108636,5,-79.998177,40.444881
"951",950,5817072,5,-80.058952,40.632542
"952",951,14335202,5,-79.99633,40.441681
"953",952,11173292,5,-79.994278,40.440887
"954",953,23652384,5,-79.895767,40.4557
"955",954,24140617,5,-80.174332,40.449413
"956",955,23653272,5,-80.151283,40.441742
"957",956,1356492,5,-79.75453,40.42786
"958",957,24004147,5,-79.764633,40.438904
"959",958,14181172,5,-79.922546,40.438122
"960",959,18908632,5,-79.950935,40.450214
"961",960,24166969,5,-79.92263,40.438454
"962",961,24020106,5,-79.987,40.501652
"963",962,19873162,5,-79.894615,40.433617
"964",963,24167724,5,-79.995888,40.440624
"965",964,24100137,5,-79.995888,40.440624
"966",965,24100160,5,-79.995888,40.440624
"967",966,24100151,5,-80.000191,40.442135
"968",967,24111986,5,0,0
"969",968,23867962,5,-79.939293,40.456093
"970",969,23702087,5,0,0
"971",970,23987762,5,-80.055618,40.294289
"972",971,23784103,5,-80.053833,40.623138
"973",972,14639642,5,-80.101275,40.684382
"974",973,14451612,5,-80.091721,40.655525
"975",974,23727609,5,-80.104385,40.292255
"976",975,22138682,5,-80.128433,40.451164
"977",976,9005732,5,-79.982841,40.451817
"978",977,348633,0,-80.021259,40.439104
"979",978,9909332,5,-80.0037,40.433197
"980",979,1009923,5,-80.065811,40.640814
"981",980,15828292,5,-80.065971,40.393806
"982",981,7370702,5,-79.995888,40.440624
"983",982,23816662,5,-80.051872,40.357716
"984",983,23768174,5,0,0
"985",984,14170592,5,-79.940178,40.426186
"986",985,23777050,5,-80.310791,40.692745
"987",986,24008796,5,-80.27977,40.698479
"988",987,23791414,5,-79.88649,40.44231
"989",988,17593882,5,-79.990585,40.438812
"990",989,23811729,5,-79.970299,40.434158
"991",990,23816056,0,-79.909981,40.457626
"992",991,23824880,5,-79.87941,40.488106
"993",992,23572877,5,-79.892113,40.438137
"994",993,5876572,5,-79.959724,40.47121
"995",994,20945062,4,-79.996498,40.444191
"996",995,24005380,5,-80.08242,40.654671
"997",996,8351232,5,-79.764221,40.446445
"998",997,23845751,0,-80.14325,40.511669
"999",998,23875882,5,-80.050438,40.356956
"1000",999,6271962,5,-79.95311,40.444244
"1001",1000,23856160,5,-79.930611,40.459881
"1002",1001,23856167,5,-79.915154,40.456512
"1003",1002,22819422,5,-79.952599,40.444649
"1004",1003,22656532,5,-80.036278,40.539452
"1005",1004,17576652,5,-80.01844,40.45256
"1006",1005,23861546,5,-79.997467,40.438339
"1007",1006,23860634,5,-79.97874,40.438244
"1008",1007,4307832,5,-79.995888,40.440624
"1009",1008,23983741,5,-80.019211,40.613041
"1010",1009,24225071,5,-79.92347,40.462059
"1011",1010,23860835,5,-79.923996,40.46228
"1012",1011,735248,0,-80.008889,40.452368
"1013",1012,24063307,5,-79.95204,40.43428
"1014",1013,23881432,5,-79.991997,40.429371
"1015",1014,23881429,5,-79.944008,40.447315
"1016",1015,23997318,5,-79.543159,40.29924
"1017",1016,23627993,5,-79.925323,40.460354
"1018",1017,24092941,0,-80,40.299999
"1019",1018,17160552,0,-80.050377,40.35762
"1020",1019,24106485,5,-79.843369,40.518639
"1021",1020,24108943,5,-79.752609,40.454304
"1022",1021,23993188,5,-79.841774,40.520973
"1023",1022,23971302,5,-79.842987,40.515743
"1024",1023,24006360,5,-79.842506,40.519798
"1025",1024,1126073,0,-80.006935,40.456447
"1026",1025,21102912,5,-79.923996,40.46228
"1027",1026,24057356,5,-79.9161,40.456566
"1028",1027,23802821,5,-79.95848,40.440636
"1029",1028,16849332,0,-79.916855,40.457188
"1030",1029,23994892,4,-80.001198,40.454208
"1031",1030,24164701,4,-80.001038,40.453186
"1032",1031,24048773,4,-80.003204,40.453033
"1033",1032,23973401,5,-80.003815,40.433418
"1034",1033,17139572,5,-79.985947,40.428951
"1035",1034,19450312,5,-79.933632,40.451412
"1036",1035,17069652,0,-79.951508,40.482456
"1037",1036,5109072,5,-79.893333,40.432049
"1038",1037,919415,5,-79.951054,40.44384
"1039",1038,12449062,5,-79.925362,40.45993
"1040",1039,5892602,5,-80.083084,40.2682
"1041",1040,23941462,5,0,0
"1042",1041,9019432,5,-79.999908,40.442432
"1043",1042,23966612,5,-79.981834,40.41604
"1044",1043,23943094,5,-79.922844,40.435764
"1045",1044,24095274,5,-79.96862,40.464916
"1046",1045,24162100,5,-79.924835,40.461422
"1047",1046,6071822,4,-79.994476,40.443539
"1048",1047,24204796,5,-79.934433,40.456539
"1049",1048,24147075,5,-79.995888,40.440624
"1050",1049,7042652,5,-79.897369,40.439384
"1051",1050,24083026,5,-79.986298,40.449291
"1052",1051,24054511,5,-79.974243,40.428654
"1053",1052,24062848,5,-79.88588,40.444061
"1054",1053,24083285,6,-80.006409,40.447151
"1055",1054,22919942,5,-80.023438,40.427273
"1056",1055,23958116,5,0,0
"1057",1056,23955740,5,-80.309761,40.680405
"1058",1057,23979029,5,-79.912781,40.405552
"1059",1058,24079617,5,-79.981567,40.435795
"1060",1059,24002203,5,-79.982361,40.435711
"1061",1060,24002582,5,-79.923141,40.435867
"1062",1061,6471662,5,-79.915916,40.482594
"1063",1062,24032308,5,-79.942993,40.45068
"1064",1063,24097200,5,-79.923302,40.433479
"1065",1064,24013847,5,-79.932755,40.451221
"1066",1065,24009040,5,-79.606262,40.626801
"1067",1066,24057893,5,-79.94187,40.44112
"1068",1067,24207859,5,-79.962555,40.442013
"1069",1068,695692,5,-79.763003,40.420027
"1070",1069,925227,5,-79.7652,40.438831
"1071",1070,12708072,5,-79.772339,40.437241
"1072",1071,24037243,5,-80.327858,40.543999
"1073",1072,19653902,5,-80.152222,40.299229
"1074",1073,8768792,5,-79.768684,40.210709
"1075",1074,24044336,5,-80.050323,40.355804
"1076",1075,24042391,5,0,0
"1077",1076,23652067,0,-79.957649,40.477592
"1078",1077,23767889,5,-80.178238,40.446812
"1079",1078,766103,5,-79.946985,40.437485
"1080",1079,23622534,5,-79.94255,40.45064
"1081",1080,24053881,0,-80.079445,40.583988
"1082",1081,24053562,0,-80.011505,40.45476
"1083",1082,24055311,5,-79.997467,40.438339
"1084",1083,1205252,5,-79.954979,40.44225
"1085",1084,24073267,5,-79.913841,40.411831
"1086",1085,24072751,5,-79.885231,40.432266
"1087",1086,17263282,5,-79.92337,40.43909
"1088",1087,24072768,5,-79.912811,40.412395
"1089",1088,24086474,5,-80.086784,40.407387
"1090",1089,24088725,5,-79.950111,40.449532
"1091",1090,24104116,5,-79.916618,40.40715
"1092",1091,3473162,6,-79.997208,40.443962
"1093",1092,23947017,5,-79.954216,40.575348
"1094",1093,24158187,5,-79.917793,40.40176
"1095",1094,674826,5,-79.95517,40.46565
"1096",1095,24178223,0,-79.994102,40.421631
"1097",1096,24147086,5,-80.023682,40.539188
"1098",1097,370414,5,-79.92284,40.43475
"1099",1098,15995962,5,-79.995888,40.440624
"1100",1099,24171907,0,-80.03386,40.454132
"1101",1100,24191241,5,-80.018646,40.392372
"1102",1101,24185931,0,-79.916458,40.45713
"1103",1102,1555249,5,-79.966255,40.56625
"1104",1103,23910433,6,-80.005249,40.434055
"1105",1104,722961,5,-80.015787,40.446835
